Name,ra,dec,p_percent,sigma_p_percent,FilterID,sample,r_med_photogeo,distance_class,ebv,ebv_err,ipix
Mark_0,194.58873,21.12631,1.833570924852387,0.07103206143000276,-1,RoboPol,,robopol,0.045340043,0.00069946935,28686259
Mark_1,194.20181,21.14241,1.0967786589175852,0.041691730036788284,-1,RoboPol,,robopol,0.050059807,0.0010257548,28687481
Mark_2,193.98224,21.10127,1.0017189181049315,0.060228528766188505,-1,RoboPol,,robopol,0.053033695,0.001084138,28687517
Mark_3,194.76712,21.33237,0.3651382547813819,0.11797472071507498,-1,RoboPol,,robopol,0.036610797,0.00044403088,28686332
Mark_4,195.19397,21.0621,0.9721622588479705,0.6900628429168041,-1,RoboPol,,robopol,0.032798704,0.0002610183,28696745
Mark_5,193.23315,21.16364,0.18619050342820195,0.13023597191144484,-1,RoboPol,,robopol,0.04138901,0.00059935445,28687287
Mark_7,193.25519,21.4134,0.4786929373314335,0.058983730649344805,-1,RoboPol,,robopol,0.042900484,0.00067830196,28774750
Mark_8,187.88229,20.72047,0.43396009979687156,0.5863859631351571,-1,RoboPol,,robopol,0.05898096,0.00145824,28735908
Mark_9,188.00117,20.81871,0.10069217059806937,0.08711825093871665,-1,RoboPol,,robopol,0.056429774,0.0013619364,28735903
Mark_10,179.84392,15.83708,1.3763074859083089,0.11327970307696067,-1,RoboPol,,robopol,0.1204298,0.0041672806,28559741
Mark_11,179.4492,17.01651,0.15617348396753875,0.054011315724603846,-1,RoboPol,,robopol,0.096214205,0.0032723618,28566968
Mark_12,173.47864,16.05583,0.24442855677567463,0.4837971868758724,-1,RoboPol,,robopol,0.13729987,0.005585388,28904370
Mark_13,174.02271,15.99841,0.7864739750379954,0.1736823509169672,-1,RoboPol,,robopol,0.14726707,0.00630058,28903935
Mark_14,190.49023,20.28698,0.5318813252467675,0.1246335642106575,-1,RoboPol,,robopol,0.049438372,0.0007400323,28772391
Mark_15,195.18161,21.12106,0.6226939537805974,0.19237804393917074,-1,RoboPol,,robopol,0.035819493,0.00028885299,28697092
Mark_16,189.71344,20.96878,0.7818961184132597,0.37075722197708955,-1,RoboPol,,robopol,0.064074956,0.0016751041,28778628
Mark_17,196.81131,20.59822,0.14471597464578256,0.08199078069733814,-1,RoboPol,,robopol,0.037119903,0.00050717394,28689382
Mark_18,190.53494,20.30323,0.3380854830009181,0.04546855070028581,-1,RoboPol,,robopol,0.048663083,0.0006733523,28772402
Mark_19,192.17618,21.61724,0.3166636653019909,0.0655225712099077,-1,RoboPol,,robopol,0.046389706,0.0007727997,28776516
Mark_20,197.4529,21.41339,0.166673692663781,0.04208861262202734,-1,RoboPol,,robopol,0.044965092,0.00084136677,28691803
Mark_21,198.6741,20.79252,0.42369071542534087,0.06403967642015443,-1,RoboPol,,robopol,0.069035836,0.0025002668,28670660
Mark_24_merged,189.4734,18.62513,0.17776006667320898,0.05087660211303816,-1,RoboPol,,robopol,0.06216748,0.0009718641,28725772
Mark_25,190.68454,19.247,0.19963071114748115,0.033545584634560977,-1,RoboPol,,robopol,0.041560553,0.00016829233,28726395
Mark_26_merged,191.36523,19.06019,0.18548764759471698,0.013549028224676053,-1,RoboPol,,robopol,0.06529085,0.0013486424,28639048
Mark_27,188.06802,21.52798,0.11428397390545708,0.03099430911360164,-1,RoboPol,,robopol,0.05667907,0.0014308727,28737253
Mark_29_merged,172.79477,15.85788,0.6281615697649766,0.06637169505788885,-1,RoboPol,,robopol,0.14603804,0.0057721543,28865919
Mark_30,184.34332,18.37268,0.39335155611955125,0.08554062972160471,-1,RoboPol,,robopol,0.05580413,0.0015595643,28741654
Mark_33,196.11522,22.33433,0.23309857168954673,0.06943690879903848,-1,RoboPol,,robopol,0.06229457,0.0018604543,28698516
Mark_34,173.76079,16.01056,0.33401749250975454,0.05406453359382535,-1,RoboPol,,robopol,0.13743602,0.005867597,28904291
Mark_35,178.98677,15.56845,0.44785554242876435,0.0640229429996484,-1,RoboPol,,robopol,0.1009057,0.0034019612,28559899
Mark_36,194.58836,20.00117,0.1574271623825932,0.06305173439666037,-1,RoboPol,,robopol,0.045499954,0.001003351,28684611
Mark_41,179.99248,16.91588,0.33839248065969696,0.09474103162782264,-1,RoboPol,,robopol,0.09189989,0.003133859,28561406
Mark_43,173.3679,15.93255,0.4395665284474124,0.2596774371268808,-1,RoboPol,,robopol,0.12112195,0.004647965,28904180
Mark_44,198.84341,21.31182,0.24464628900187735,0.04048602737355034,-1,RoboPol,,robopol,0.060506843,0.0019739885,28692807
Mark_45,198.83101,21.90661,0.07479000576078894,0.03162131460552758,-1,RoboPol,,robopol,0.0633244,0.0020068442,28694081
Mark_47,184.61546,19.20315,0.2141221101815276,0.07189027099798896,-1,RoboPol,,robopol,0.062437154,0.0017338565,28743172
Mark_48,199.35889,21.29277,0.3628040654958034,0.07050135171795932,-1,RoboPol,,robopol,0.055762935,0.0015204073,28671542
Mark_51,194.34177,21.59279,0.06482236351494333,0.05707715220556184,-1,RoboPol,,robopol,0.042805932,0.0007161173,28687853
Mark_53,196.76332,22.12418,0.10183162720059441,0.06350686486546991,-1,RoboPol,,robopol,0.04979515,0.0009821124,28697975
Mark_54,187.90747,18.47875,0.3000744566719492,0.04462163673093667,-1,RoboPol,,robopol,0.06849136,0.0015007103,28724044
Mark_55,179.33209,15.55869,0.5141842113411058,0.06285811261515133,-1,RoboPol,,robopol,0.10766569,0.0036940293,28559578
Mark_56,185.62071,19.46568,0.33289791267027413,0.03069144097872967,-1,RoboPol,,robopol,0.057698384,0.0013024522,28721151
Mark_59,195.59358,20.45045,0.08612230560302757,0.056005571990878404,-1,RoboPol,,robopol,0.04127201,0.0005490311,28680039
Mark_60,184.56752,18.84387,0.2310411496678892,0.03052843981396923,-1,RoboPol,,robopol,0.055891156,0.001447907,28742080
Mark_64,185.18335,18.78271,0.3960860021640385,0.05795237842470623,-1,RoboPol,,robopol,0.06359236,0.0017242281,28720784
Mark_65,173.07893,15.94011,0.5968656180564103,0.01401645650288836,-1,RoboPol,,robopol,0.121908806,0.004617149,28909642
Mark_66,199.0128,20.92477,0.5122639026326564,0.06994339781103452,-1,RoboPol,,robopol,0.055837337,0.0015588223,28670747
Mark_67,199.27654,21.0103,0.40204765000915516,0.05496862285829198,-1,RoboPol,,robopol,0.07672461,0.0028183605,28670801
Mark_68,199.40179,21.88462,0.19001559156080275,0.058375631916260384,-1,RoboPol,,robopol,0.05270689,0.0011916554,28693790
Mark_69,197.53357,20.926,0.2771793668609662,0.05991391564000324,-1,RoboPol,,robopol,0.0400987,0.00069458404,28690215
Mark_70,179.81372,16.97037,0.26460281795034485,0.03811472143312126,-1,RoboPol,,robopol,0.10363789,0.0040002856,28566896
Mark_71,198.32007,21.59244,0.16131657992363257,0.028621897167485075,-1,RoboPol,,robopol,0.08037723,0.0031469362,28693300
Mark_72,192.54263,20.07625,0.42061984288690313,0.05000661290732399,-1,RoboPol,,robopol,0.06847406,0.0017537839,28683858
Mark_74,198.03603,21.6534,0.1637991187592741,0.07203429734743781,-1,RoboPol,,robopol,0.058763597,0.0016689247,28693409
Mark_75,191.89113,20.23809,0.25958687322656443,0.08414592549889986,-1,RoboPol,,robopol,0.057643417,0.0011372936,28771361
Mark_76,187.65404,18.06968,0.3876801024643497,0.10074631634787465,-1,RoboPol,,robopol,0.07793158,0.002128631,28723436
Mark_78,195.46664,21.80978,0.14486809274746665,0.07706600049155411,-1,RoboPol,,robopol,0.038026508,0.0005846545,28697548
Mark_79,187.62355,18.77921,0.26847074726266845,0.04400138572756484,-1,RoboPol,,robopol,0.06419258,0.0014579892,28729669
Mark_81,188.01074,18.02063,0.17392390222983892,0.05865785542732649,-1,RoboPol,,robopol,0.0688276,0.001518361,28723489
Mark_83,184.34114,19.05303,0.38623192578925236,0.06098790382182731,-1,RoboPol,,robopol,0.049870797,0.0013298161,28742472
Mark_84,184.5835,19.01308,0.27984677798815494,0.024079997621994566,-1,RoboPol,,robopol,0.05399685,0.0015083126,28742128
Mark_85,174.02637,15.67919,0.3246746905209771,0.0759960032882953,-1,RoboPol,,robopol,0.16306387,0.007509263,28903743
Mark_86,191.77885,20.02359,0.11235838937304962,0.05050726087243891,-1,RoboPol,,robopol,0.05767916,0.0010411696,28770627
Mark_89,185.9707,19.05754,0.27205835875670537,0.10396171632643654,-1,RoboPol,,robopol,0.06510448,0.001748072,28720627
Mark_92,184.13316,19.0139,0.2946092242259865,0.062223453256568896,-1,RoboPol,,robopol,0.046832465,0.0011933527,28742444
Mark_95,174.23676,16.17048,0.2782433922034905,0.07758428560510765,-1,RoboPol,,robopol,0.1474201,0.005886786,28904680
Mark_96,198.50754,21.06732,0.45092872796984285,0.03592097435050383,-1,RoboPol,,robopol,0.061379693,0.00200803,28692569
Mark_99,173.92136,15.51353,0.04879242411121368,0.088876448109785,-1,RoboPol,,robopol,0.14772892,0.006755124,28903714
Mark_104,195.82549,20.35185,0.27916487458628664,0.0331024368518376,-1,RoboPol,,robopol,0.038455255,0.0006077767,28679676
Mark_105,191.74118,21.92971,0.25539995562669277,0.06053618664268862,-1,RoboPol,,robopol,0.04529347,0.00067274587,28777032
Mark_106,194.83186,22.69265,0.29840950767699786,0.079671025376889,-1,RoboPol,,robopol,0.041810714,0.00077658397,28700334
Mark_110,185.77832,18.27509,0.42159319687626884,0.08199050948044447,-1,RoboPol,,robopol,0.05990944,0.0013979088,28718777
Mark_112,199.77525,20.8951,0.40373176264010285,0.06054604737801554,-1,RoboPol,,robopol,0.05748372,0.0014253098,28670995
Mark_116,184.40889,19.57923,0.3039868768340192,0.039027603643496306,-1,RoboPol,,robopol,0.06183851,0.0015813211,28743357
Mark_118,195.64954,20.84596,0.4189634202794606,0.055569775957799224,-1,RoboPol,,robopol,0.03293758,0.00020674463,28691132
Mark_119,199.39124,20.75375,0.3050359651891236,0.07150300071073874,-1,RoboPol,,robopol,0.0513889,0.001124291,28670315
Mark_121,184.94878,18.51457,0.453199581569272,0.04362922400932524,-1,RoboPol,,robopol,0.057351872,0.0015384714,28719978
Mark_122,184.34711,19.69882,0.172642984975216,0.07723438592331608,-1,RoboPol,,robopol,0.061831195,0.0015964243,28744776
Mark_123,185.54079,19.79519,0.40476621020028675,0.05840124805786352,-1,RoboPol,,robopol,0.059534337,0.001213331,28754076
Mark_124,180.18828,16.48499,0.681952598366394,0.05501405171671063,-1,RoboPol,,robopol,0.08123407,0.0024195474,28560874
Mark_127,199.97675,21.85439,0.1643249391993272,0.059665599094285954,-1,RoboPol,,robopol,0.04398822,0.0006826316,10496550
Mark_128,195.46991,20.37368,0.2736028191380751,0.060474008614364486,-1,RoboPol,,robopol,0.048492264,0.0009309759,28679996
Mark_131,199.4996,21.72981,0.13262690110020303,0.047282545996973076,-1,RoboPol,,robopol,0.052696567,0.0012755694,28671920
Mark_132,196.40727,21.11963,0.49609416529476463,0.058509151272424884,-1,RoboPol,,robopol,0.047991104,0.0008498941,28691316
Mark_141,184.92867,18.98709,0.29669523652759106,0.05114501357701553,-1,RoboPol,,robopol,0.06475328,0.001755776,28742671
Mark_144,195.69051,20.66197,0.26206963671742783,0.06298169164799163,-1,RoboPol,,robopol,0.037133187,0.00041063668,28691077
Mark_149,187.94492,18.38639,0.2214116755177275,0.03417107144041492,-1,RoboPol,,robopol,0.070574574,0.0015139229,28723691
Mark_150,198.06357,21.00644,0.273091175686243,0.04238842750200939,-1,RoboPol,,robopol,0.058501504,0.0018803208,28692619
Mark_151,197.65523,20.61476,0.2621177566436948,0.049644994896550665,-1,RoboPol,,robopol,0.04111403,0.0007763604,28689630
Mark_154,197.63448,20.63803,0.3765155545535132,0.058878928791459666,-1,RoboPol,,robopol,0.040526412,0.0007473162,28689652
Mark_163,172.77328,16.05559,0.7911453111262293,0.0619025521633086,-1,RoboPol,,robopol,0.12719668,0.0046387496,28909746
Mark_164,172.63016,15.81605,0.5885436098537618,0.08560596734599711,-1,RoboPol,,robopol,0.13763666,0.00526808,28865996
Mark_166,172.40683,15.99918,0.27291606853486605,0.07598554731654959,-1,RoboPol,,robopol,0.13141759,0.004943807,28866404
Mark_167,188.16794,18.48618,0.296033139209662,0.05011867653370639,-1,RoboPol,,robopol,0.091239735,0.0028186042,28724386
Mark_168,196.41862,21.67955,0.08279086183765796,0.05559017344448017,-1,RoboPol,,robopol,0.040292535,0.0005737083,28697683
Mark_171,197.54263,22.04166,0.15984789563519594,0.050927171729507455,-1,RoboPol,,robopol,0.04835949,0.0010215946,28695127
Mark_182,185.09541,20.1586,0.15154285590865801,0.055419075119211424,-1,RoboPol,,robopol,0.05657202,0.0009796121,28754611
Mark_183,190.74332,20.88957,0.4206732457373274,0.04995695538678829,-1,RoboPol,,robopol,0.048530683,0.0008963485,28772842
Mark_184,187.15863,18.2637,0.17747607389656864,0.07344431333278673,-1,RoboPol,,robopol,0.07082512,0.0017817136,28723896
Mark_188,172.38278,16.02621,0.23502692286849458,0.10294745612823127,-1,RoboPol,,robopol,0.13173911,0.0049769944,28866406
Mark_189,185.06535,19.8305,0.24332441081186598,0.05799538442112734,-1,RoboPol,,robopol,0.060478184,0.001288352,28743538
Mark_191,179.37923,16.02372,0.39606026974712455,0.04006654988297366,-1,RoboPol,,robopol,0.08949257,0.0029452497,28560233
Mark_192,196.62993,20.90077,0.25835781999175567,0.02525362922675092,-1,RoboPol,,robopol,0.04810755,0.0009782028,28690902
Mark_193,195.53589,21.06934,0.5635510673402635,0.08548858485442692,-1,RoboPol,,robopol,0.03551728,0.00031338792,28696681
Mark_198,179.67728,16.81602,0.4408414036255211,0.07441245494378348,-1,RoboPol,,robopol,0.09974487,0.0034348576,28566811
Mark_200,179.17484,17.17295,0.2528549652423066,0.0613658971252169,-1,RoboPol,,robopol,0.11610545,0.0050158193,28567428
Mark_206,199.19226,21.83499,0.24489954793397808,0.04573665448254211,-1,RoboPol,,robopol,0.051720396,0.0011805872,28693800
Mark_207,188.71802,20.24956,0.2493973421665511,0.03644044172963441,-1,RoboPol,,robopol,0.061959956,0.0015632435,28733926
Mark_212,174.04788,16.17833,0.07163257246489838,0.126,-1,RoboPol,,robopol,0.12987182,0.0051867035,28904986
Mark_216,185.22177,18.36675,0.3272586313044174,0.03772871893748854,-1,RoboPol,,robopol,0.06252331,0.0017433967,28719590
Mark_217,195.918,21.60229,0.2891609455348424,0.06162146830877775,-1,RoboPol,,robopol,0.04374552,0.00080901943,28697055
Mark_219,178.69035,16.60255,0.17759554527689242,0.0797867877597749,-1,RoboPol,,robopol,0.11817489,0.004400542,28566369
Mark_221_merged,196.43092,21.19197,0.4495177859977437,0.03649576178317531,-1,RoboPol,,robopol,0.05016916,0.0012207064,28692003
Mark_222,193.55878,20.50641,0.2997920818270167,0.04780033173999058,-1,RoboPol,,robopol,0.0503991,0.0010980181,28686454
Mark_223,184.88745,18.07525,0.2829383693016757,0.030816597126965495,-1,RoboPol,,robopol,0.062733606,0.0018438674,28719335
Mark_225,197.23097,22.05471,0.24475993654056086,0.07963589481650761,-1,RoboPol,,robopol,0.047840167,0.001043111,28695232
Mark_230_merged,195.31955,20.94358,0.5459451037508639,0.04767856332583631,-1,RoboPol,,robopol,0.03575314,0.00026601198,28696705
Mark_233,184.23959,18.59977,0.08584138482779623,0.09005615489505844,-1,RoboPol,,robopol,0.052451987,0.0014539069,28741830
Mark_234,198.82893,21.44806,0.18812390213201677,0.04618145344515008,-1,RoboPol,,robopol,0.058814563,0.0017618538,28692854
Mark_236,189.40477,22.63134,0.19143407743182936,0.06265207345708103,-1,RoboPol,,robopol,0.06552439,0.0019412211,28782227
Mark_238,184.89882,17.43383,0.19563699368761386,0.10427883513394318,-1,RoboPol,,robopol,0.07630344,0.0026569827,28714981
Mark_240,184.3497,19.55028,0.23106284266932822,0.042362199592596725,-1,RoboPol,,robopol,0.05614281,0.001394233,28743354
Mark_242,197.9319,20.97835,0.21247308403093934,0.08547040289943059,-1,RoboPol,,robopol,0.039922774,0.0004698566,28689907
Mark_243,178.97321,16.09546,0.3988171377656713,0.06525063275220311,-1,RoboPol,,robopol,0.093429066,0.0033698443,28565766
Mark_245,179.55417,16.23754,0.8570510695948359,0.03624983794215322,-1,RoboPol,,robopol,0.09849182,0.0033775144,28560943
Mark_248,174.27348,15.68174,0.353099287781331,0.09048278942184493,-1,RoboPol,,robopol,0.19823043,0.008912071,28903762
Mark_256,178.80675,16.90822,0.4966788598634896,0.10182686658032594,-1,RoboPol,,robopol,0.11368324,0.0046169525,28567175
Mark_259,185.06711,18.59069,0.5043079373761118,0.06981706747009318,-1,RoboPol,,robopol,0.06279118,0.0017062929,28719992
Mark_261,173.92517,16.22557,0.1652317639177208,0.12116329498167853,-1,RoboPol,,robopol,0.13118319,0.005136021,28905006
Mark_263_merged,197.93994,21.26627,0.058711509780383773,0.029166963583922862,-1,RoboPol,,robopol,0.055854436,0.00162473,28693041
Mark_264,172.38141,16.22388,0.37214935370864916,0.1371629510137116,-1,RoboPol,,robopol,0.13849694,0.005138582,28866525
Mark_269,185.14743,18.55286,0.6043164968425574,0.07948226040645007,-1,RoboPol,,robopol,0.064465195,0.0018284797,28719963
Mark_272,185.61534,18.53669,0.27583859570667557,0.06501321603040387,-1,RoboPol,,robopol,0.07410641,0.002205224,28720320
Mark_273,174.25673,15.47786,0.2365785525398172,0.06503837025164148,-1,RoboPol,,robopol,0.1599171,0.007001232,28902325
Mark_274,179.92549,17.12649,0.4318896658513691,0.05826220986237543,-1,RoboPol,,robopol,0.09874628,0.0033583865,28569644
Mark_275,184.08626,18.35714,0.1466686436926148,0.07275594124922719,-1,RoboPol,,robopol,0.048658185,0.001339983,28741672
Mark_276,185.66374,18.43422,0.31366080807885804,0.04000376681404693,-1,RoboPol,,robopol,0.06812429,0.0019238752,28720180
Mark_277,178.80257,16.72225,0.24093384994598002,0.06695780171613899,-1,RoboPol,,robopol,0.122228876,0.0051749544,28566390
Mark_281,196.00069,21.20325,0.29903391368060167,0.09604178271706319,-1,RoboPol,,robopol,0.042906046,0.00073236215,28691391
Mark_282,191.05409,21.70998,0.3671120326190024,0.08601796370420285,-1,RoboPol,,robopol,0.040780406,0.00042961212,28774309
Mark_284,199.64702,20.95893,0.26328758338738745,0.09220875736947287,-1,RoboPol,,robopol,0.04702163,0.0009921336,28671032
Mark_285,193.8681,21.30298,0.2859042510616273,0.07758945543028038,-1,RoboPol,,robopol,0.0501137,0.0010531356,28687945
Mark_289,196.73454,21.68843,0.2189435871870294,0.09044157726998445,-1,RoboPol,,robopol,0.043536212,0.00069422834,28692376
Mark_290,192.14723,19.79486,0.22035638111543115,0.05699145861838234,-1,RoboPol,,robopol,0.06970771,0.0017836717,28683098
Mark_294,185.26663,19.91669,0.15215988858819327,0.07841535070114401,-1,RoboPol,,robopol,0.064129345,0.001386905,28754447
Mark_295,185.76147,19.00018,0.2997606942569393,0.04197616721055488,-1,RoboPol,,robopol,0.078443885,0.002294901,28720917
Mark_297,199.78589,21.63083,0.08300105179997722,0.0929904969908008,-1,RoboPol,,robopol,0.0421225,0.00076291396,28671818
Mark_298,185.86821,20.17248,0.25083369581948445,0.030903513543305505,-1,RoboPol,,robopol,0.0601319,0.0012795909,28754357
Mark_301,195.3929,21.76202,0.1662357574603954,0.0350536231955193,-1,RoboPol,,robopol,0.037087597,0.000472655,28697503
Mark_302,185.33888,19.54846,0.27293816226311385,0.08817037510059594,-1,RoboPol,,robopol,0.06232704,0.0014182157,28743109
Mark_305,179.28236,16.80997,0.24265847076452646,0.04401474231800767,-1,RoboPol,,robopol,0.088325985,0.0028881708,28566757
Mark_307,191.25285,19.86747,0.29425391906283527,0.05168778661005425,-1,RoboPol,,robopol,0.05006627,0.0007594922,28770502
Mark_308,173.14359,16.22173,0.027157349123253714,0.0934300231765423,-1,RoboPol,,robopol,0.119860254,0.004253915,28909955
Mark_310,180.15356,15.65528,0.8786162869940505,0.06600403185207263,-1,RoboPol,,robopol,0.10728044,0.0035032923,28558985
48770,183.30470416184707,10.819032667163745,0.002,0.0011,20,Panopoulou+2025,36.549053,foreground,0.19845954,0.0068806782,28423783
28555,178.41974314986447,8.572232281497461,0.16999999999999998,0.049,0,Panopoulou+2025,273.43008,background,0.4400866,0.018322999,28463232
28542,178.53297159561322,9.892686678079654,0.16,0.051000000000000004,0,Panopoulou+2025,246.87984,background,0.4544406,0.014104317,28466326
28512,176.0133497182429,10.336877522575302,0.09,0.022000000000000002,0,Panopoulou+2025,255.28534,background,0.33332002,0.012488033,28470760
28475,174.1779388090721,11.669730961566536,0.06,0.017,0,Panopoulou+2025,242.17197,background,0.18976705,0.008560437,28495758
28472,175.1488204288846,12.806114308420415,0.13,0.021,0,Panopoulou+2025,198.33307,middle,0.18380728,0.008198152,28505116
6476,180.2645876427815,13.008253816943036,0.13999999999999999,0.058,0,Panopoulou+2025,251.41362,background,0.16222166,0.007776905,28521311
11501,181.89957175000745,13.516943255955974,0.09,0.02,0,Panopoulou+2025,242.54944,background,0.12911816,0.0053364607,28527502
11490,184.83416295686447,14.541417843704286,0.13,0.04,0,Panopoulou+2025,264.9919,background,0.11778396,0.0040347064,28530271
6566,184.0004067103691,14.89892987587069,0.03,0.12,0,Panopoulou+2025,64.992836,foreground,0.12000958,0.004476105,28531899
6584,184.4345726215761,15.144510043875044,0.1,0.032,0,Panopoulou+2025,188.76927,middle,0.13380276,0.0050327317,28532148
11511,181.29042116298612,13.472895501559286,0.12,0.03,0,Panopoulou+2025,551.6934,background,0.110304065,0.0046447734,28532869
11539,177.72185449364792,13.587392627710466,0.13999999999999999,0.02,0,Panopoulou+2025,161.14172,middle,0.18189679,0.007898963,28542897
6531,177.16081290591993,14.284247166272074,0.03,0.032,0,Panopoulou+2025,67.12887,foreground,0.17286623,0.0064820885,28544974
11528,178.22241492616868,13.744228193491136,0.06999999999999999,0.01,0,Panopoulou+2025,326.11285,background,0.188445,0.008099551,28545586
11500,178.46401724071018,14.02961404083988,0.13999999999999999,0.05,0,Panopoulou+2025,123.94288,foreground,0.15120861,0.0067935963,28545835
11515,178.6390068988038,14.151199045090603,0.06,0.02,0,Panopoulou+2025,80.966255,foreground,0.18389075,0.0075522754,28545896
11522,178.15922606561523,14.21480507550011,0.12,0.03,0,Panopoulou+2025,146.71312,foreground,0.1764556,0.0075098053,28547167
11521,178.10310206381217,14.458645358864231,0.16,0.03,0,Panopoulou+2025,700.707,background,0.14301339,0.0057703517,28547480
11514,178.8461997906847,15.111475603652767,0.18,0.01,0,Panopoulou+2025,161.6323,middle,0.16277744,0.0061161043,28548508
11517,176.59803061855186,14.124021163901643,0.18,0.03,0,Panopoulou+2025,350.68854,background,0.1526413,0.005936005,28550241
28467,176.29733715080485,14.263318729638684,0.15,0.021,0,Panopoulou+2025,190.181,middle,0.14468156,0.005853775,28550332
11509,177.27108994842857,15.231325092464534,0.06999999999999999,0.02,0,Panopoulou+2025,110.649055,foreground,0.13864101,0.0053673987,28554003
11505,178.19277804247474,15.436046229493073,0.0,0.04,0,Panopoulou+2025,101.32141,foreground,0.14697793,0.0056892326,28554327
11527,176.34153021311457,15.728960089233786,0.16,0.02,0,Panopoulou+2025,178.40732,middle,0.124314755,0.005085759,28555867
11496,177.25763022979115,16.132495859706214,0.16,0.02,0,Panopoulou+2025,130.01952,foreground,0.13386649,0.0053057396,28556498
6640,177.31179444015234,16.242637380215136,0.03,0.032,0,Panopoulou+2025,61.869736,foreground,0.13597068,0.005615635,28556680
11510,179.2752461830664,15.184031052746048,0.27999999999999997,0.02,0,Panopoulou+2025,166.0425,middle,0.13259904,0.0047284877,28559369
11502,178.91893523107814,15.646827758921887,0.32,0.02,0,Panopoulou+2025,129.2394,foreground,0.101782195,0.0034911842,28559929
11491,181.1768797819049,16.26891660156005,0.24,0.03,0,Panopoulou+2025,161.16095,middle,0.11000435,0.0041285236,28561995
6671,182.6317265027292,16.809279468662897,0.13,0.032,0,Panopoulou+2025,191.3115,middle,0.088235624,0.0034149098,28562752
11512,178.48456518694869,15.908434490388842,0.21,0.02,0,Panopoulou+2025,224.65979,background,0.12304591,0.0049167043,28565550
11513,178.35460499784614,15.98350394229992,0.11,0.02,0,Panopoulou+2025,126.36507,foreground,0.12072554,0.0047942125,28565665
11519,179.7685299209624,17.352018202584407,0.08,0.04,0,Panopoulou+2025,245.04283,background,0.10137225,0.0035752167,28569786
10595,193.98793799711515,16.22774259451418,0.08,0.03,0,Panopoulou+2025,318.11862,background,0.073162675,0.0018419973,28605677
10482,186.6244814371768,14.571973890347971,0.08,0.02,0,Panopoulou+2025,268.82275,background,0.08792321,0.0024369,28617163
10460,189.21235037126868,15.222803908883744,0.16,0.03,0,Panopoulou+2025,653.9561,background,0.07050435,0.0021871328,28619794
10461,189.4387291424501,15.57576633961243,0.15,0.03,0,Panopoulou+2025,416.40918,background,0.08129083,0.0025741155,28620071
10483,187.8460202504528,16.22067579094846,0.21,0.03,0,Panopoulou+2025,435.01358,background,0.14026237,0.0043162927,28621789
6659,191.6615742646648,16.57775849104139,0.02,0.032,0,Panopoulou+2025,93.21275,foreground,0.10720334,0.0035191274,28626421
6631,193.1143503274924,16.12242911944763,0.02,0.032,0,Panopoulou+2025,110.701385,foreground,0.08267833,0.0022670662,28627216
6683,193.0510772752133,17.07391551054429,0.13,0.032,0,Panopoulou+2025,325.29642,background,0.0736086,0.0018432982,28628679
10592,189.7879026688024,16.479823280170343,0.11,0.02,0,Panopoulou+2025,98.150955,foreground,0.07467091,0.0021324866,28631844
6684,189.2428748001843,17.089457101211003,0.22,0.02,0,Panopoulou+2025,171.96861,middle,0.08769264,0.0024610963,28633875
10484,189.7581349052605,17.43717232629993,0.16999999999999998,0.02,0,Panopoulou+2025,273.2564,background,0.07341684,0.0017814628,28634348
10446,190.0930565997092,18.33996569686603,0.1,0.02,0,Panopoulou+2025,387.02548,background,0.07966342,0.0023903644,28637922
6643,194.92890899100504,16.287310056823454,0.27999999999999997,0.06999999999999999,0,Panopoulou+2025,706.58325,background,0.1256398,0.004540705,28648078
10560,196.4314170880693,18.53836268435251,0.2,0.02,0,Panopoulou+2025,142.96205,foreground,0.07184308,0.0018772514,28654428
10571,200.11293912521225,19.690938819307068,0.16999999999999998,0.04,0,Panopoulou+2025,143.17215,foreground,0.045746926,0.00024966893,28662495
6824,199.1338782920936,19.785421332335048,0.13,0.02,0,Panopoulou+2025,94.98691,foreground,0.06705339,0.0025351075,28665701
10568,199.1847417767847,19.815294765021093,0.08,0.02,0,Panopoulou+2025,93.14232,foreground,0.06798579,0.002046035,28665713
10567,198.9903442233024,21.38170128472897,0.18,0.02,0,Panopoulou+2025,150.40343,middle,0.056044184,0.0015056226,28671658
10598,196.05180717253933,19.397284840504163,0.12,0.04,0,Panopoulou+2025,195.37265,middle,0.059957962,0.0014101254,28677701
6847,193.006057216531,20.16965730945409,0.19,0.03,0,Panopoulou+2025,134.5277,foreground,0.06193342,0.0015357475,28683715
10456,193.4419180779172,20.65084836193759,0.15,0.02,0,Panopoulou+2025,361.55286,background,0.04971315,0.0010383205,28686559
6914,193.32370384330227,21.244858547528302,0.012,0.043,0,Panopoulou+2025,81.97303,foreground,0.041065335,0.0005926736,28687335
6936,193.6580027429304,21.5850817071288,0.129,0.015,0,Panopoulou+2025,252.08682,background,0.047668677,0.0009861677,28688109
10561,196.97861987126907,19.932485395552508,0.22,0.02,0,Panopoulou+2025,146.48203,foreground,0.035948426,0.00062155514,28688595
10563,197.4277964710955,20.13398574347265,0.19,0.03,0,Panopoulou+2025,172.37488,middle,0.037195086,0.00057101157,28688753
10566,198.1143677342611,20.841565792211703,0.19,0.03,0,Panopoulou+2025,115.057236,foreground,0.05521936,0.0014209056,28689788
6911,196.58817276955995,21.153192347741985,0.02,0.03,0,Panopoulou+2025,49.16299,foreground,0.058301404,0.0017442912,28691973
10559,196.264419242409,21.493984909873497,0.19,0.04,0,Panopoulou+2025,208.60677,background,0.04511527,0.00093940494,28697616
6986,196.5943141744985,22.61599168502199,0.08,0.04,0,Panopoulou+2025,182.51352,middle,0.05556658,0.0014378551,28701282
6714,186.8877145001317,17.834233148083452,0.09,0.034999999999999996,0,Panopoulou+2025,235.93207,background,0.08202862,0.0022766269,28712839
10467,184.11821766277035,16.028386213575217,0.08,0.02,0,Panopoulou+2025,248.47908,background,0.11437006,0.004196972,28713113
48772,184.77628126563016,16.547634275964707,0.0007999999999999999,0.0006000000000000001,20,Panopoulou+2025,27.44567,foreground,0.100340895,0.0036397218,28714116
10466,183.80651719697173,16.907490198302867,0.13,0.01,0,Panopoulou+2025,288.73737,background,0.08566009,0.0031157136,28715409
10485,184.74679327474672,18.450118934935208,0.2,0.03,0,Panopoulou+2025,245.91417,background,0.05311125,0.0014337931,28720012
6767,188.78232141709483,18.377162032190192,0.08,0.01,0,Panopoulou+2025,112.19432,foreground,0.057369895,0.0010051499,28722928
10475,187.472826803316,17.909815697478248,0.13999999999999999,0.02,0,Panopoulou+2025,227.97124,background,0.07193385,0.0016073603,28723372
11518,187.0213363945747,18.330640768166,0.16999999999999998,0.03,0,Panopoulou+2025,334.42923,background,0.06347842,0.0014817788,28729358
10445,187.39404473752745,18.82831101730795,0.44,0.04,0,Panopoulou+2025,520.6087,background,0.06218502,0.0015012929,28729663
10476,187.3529093655896,19.31534343707705,0.18,0.02,0,Panopoulou+2025,286.91974,background,0.07229494,0.001936058,28730917
11516,187.5360417240259,19.341807268959933,0.27,0.01,0,Panopoulou+2025,408.46014,background,0.0620576,0.0015691926,28730946
10447,187.7215846629333,19.891654276439123,0.18,0.02,0,Panopoulou+2025,586.6923,background,0.062719986,0.0016879509,28731340
10481,185.83597203965883,19.65975126637421,0.19,0.04,0,Panopoulou+2025,425.86902,background,0.060248602,0.0013408639,28732139
10487,187.0241687071146,20.35439450004905,0.13999999999999999,0.02,0,Panopoulou+2025,462.88715,background,0.07224099,0.0019997635,28733244
6893,187.4302919122508,20.895967030089807,0.03,0.01,0,Panopoulou+2025,82.755554,foreground,0.067913674,0.0017936388,28736216
6869,183.03863464056096,20.54198208549202,0.09,0.032,0,Panopoulou+2025,110.4639,foreground,0.06731467,0.001592535,28751394
10470,182.91704785401475,21.31919056158047,0.08,0.03,0,Panopoulou+2025,447.22992,background,0.057205822,0.001055392,28753312
6896,186.6569379490689,20.95220775384171,0.19,0.06,0,Panopoulou+2025,467.1619,background,0.058262017,0.0014443835,28755442
10486,184.835572116784,21.147036170590987,0.06,0.02,0,Panopoulou+2025,302.05255,background,0.056772184,0.0010501678,28756960
10589,187.8901641134584,21.57676397858392,0.15,0.02,0,Panopoulou+2025,92.12288,foreground,0.053254314,0.0013057926,28759106
7075,186.31322150232552,23.9260212052633,0.06,0.02,0,Panopoulou+2025,134.53467,foreground,0.04307956,0.00072890316,28768254
6892,192.06843975153325,20.87922330019477,0.263,0.033,0,Panopoulou+2025,321.13263,background,0.04458668,0.00066300575,28772116
6905,191.627989629478,21.052616140095765,0.21,0.04,0,Panopoulou+2025,219.37376,background,0.044436503,0.0006264337,28772266
6940,192.4581280123384,21.64084734215838,0.22,0.05,0,Panopoulou+2025,178.00235,middle,0.04645727,0.00080795225,28775305
11530,193.52082387459296,21.735052367565057,0.26,0.02,0,Panopoulou+2025,204.16747,background,0.04594213,0.00084507314,28775538
6939,191.9626130292332,21.63659745764265,0.13,0.03,0,Panopoulou+2025,533.52496,background,0.04122041,0.0006092538,28776508
7001,192.57256401209543,22.863119489578537,0.03,0.02,0,Panopoulou+2025,112.26615,foreground,0.047402594,0.00087732903,28778284
6906,189.780085588556,21.062518514831567,0.02,0.02,0,Panopoulou+2025,83.56941,foreground,0.06939342,0.0019755336,28778646
6952,188.78412717134947,21.88129422630378,0.29,0.05,0,Panopoulou+2025,187.51265,middle,0.06336797,0.0016455823,28781104
6990,189.758867313479,22.659412701252656,0.03,0.032,0,Panopoulou+2025,125.88125,foreground,0.06489512,0.0019548945,28782163
7046,195.6274036759952,23.499534899885933,0.05,0.01,0,Panopoulou+2025,157.64143,middle,0.07413728,0.0025661336,28790848
7099,191.9972026469849,24.09561934087493,0.18,0.034999999999999996,0,Panopoulou+2025,204.02296,background,0.03257994,0.00016289884,28796952
6987,188.7125201348698,22.629307200604952,0.02,0.032,0,Panopoulou+2025,108.57214,foreground,0.042991616,0.0006960307,28803473
7115,188.69020987760555,24.22419436696664,0.33999999999999997,0.04,0,Panopoulou+2025,363.08215,background,0.05376536,0.0015277759,28806981
7124,188.39252210704848,24.28294418702869,0.046,0.013,0,Panopoulou+2025,85.06938,foreground,0.051053356,0.0013311509,28807060
7103,187.36258815879484,24.108927749508783,0.02,0.03,0,Panopoulou+2025,60.3765,foreground,0.037571132,0.00054119155,28811726
7116,186.89484690135976,24.2273498668169,0.25,0.066,0,Panopoulou+2025,372.65247,background,0.042867016,0.0008088568,28812167
10452,187.90594888811864,24.21709186822164,0.13,0.03,0,Panopoulou+2025,902.6987,background,0.039224684,0.00074037444,28812361
7162,187.75227445791788,24.56712552519047,0.074,0.021,0,Panopoulou+2025,82.42542,foreground,0.040161077,0.0006613084,28812541
7247,188.43077002714344,25.175830807091582,0.3,0.08,0,Panopoulou+2025,600.313,background,0.057446975,0.0019823227,28815603
7315,190.8981781150965,25.780446095905727,0.08,0.076,0,Panopoulou+2025,465.65903,background,0.03546327,0.00016113376,28821808
28434,174.4908392926814,15.776898606782666,0.1,0.021,0,Panopoulou+2025,341.29553,background,0.2017385,0.00965938,28903096
11508,176.26619538096028,17.159900981309654,0.06,0.01,0,Panopoulou+2025,270.03482,background,0.08062056,0.002735676,28907400
6670,173.6770032009834,16.79691467702758,0.0,0.2,0,Panopoulou+2025,303.45767,background,0.17757554,0.006496453,28910799
