#name,ra,dec,filter,utc,exposure,repetitions,free_exp,observed,skipped
Mark_0,194.58873,21.12631,R,2024-05-16T23:00:00,17,6,False,False,False
Mark_1,194.20181,21.14241,R,2024-05-16T23:00:00,11,6,False,False,False
Mark_2,193.98224,21.10127,R,2024-05-16T23:00:00,9,6,False,False,False
Mark_3,194.76712,21.33237,R,2024-05-16T23:00:00,11,6,False,False,False
Mark_4,195.19397,21.06210,R,2024-05-16T23:00:00,18,6,False,False,False
Mark_5,193.23315,21.16364,R,2024-05-16T23:00:00,16,6,False,False,False
Mark_6,192.86086,21.30113,R,2024-05-16T23:00:00,14,6,False,False,False
Mark_7,193.25519,21.41340,R,2024-05-16T23:00:00,7,6,False,False,False
Mark_8,187.88229,20.72047,R,2024-05-16T23:00:00,19,6,False,False,False
Mark_9,188.00117,20.81871,R,2024-05-16T23:00:00,15,6,False,False,False
Mark_10,179.84392,15.83708,R,2024-05-16T23:00:00,12,6,False,False,False
Mark_11,179.44920,17.01651,R,2024-05-16T23:00:00,8,6,False,False,False
Mark_12,173.47864,16.05583,R,2024-05-16T23:00:00,14,6,False,False,False
Mark_13,174.02271,15.99841,R,2024-05-16T23:00:00,12,6,False,False,False
Mark_14,190.49023,20.28698,R,2024-05-16T23:00:00,12,6,False,False,False
Mark_15,195.18161,21.12106,R,2024-05-16T23:00:00,9,6,False,False,False
Mark_16,189.71344,20.96878,R,2024-05-16T23:00:00,17,6,False,False,False
Mark_17,196.81131,20.59822,R,2024-05-16T23:00:00,8,6,False,False,False
Mark_18,190.53494,20.30323,R,2024-05-16T23:00:00,7,6,False,False,False
Mark_19,192.17618,21.61724,R,2024-05-16T23:00:00,7,6,False,False,False
Mark_20,197.45290,21.41339,R,2024-05-16T23:00:00,9,6,False,False,False
Mark_21,198.67410,20.79252,R,2024-05-16T23:00:00,6,6,False,False,False
Mark_22,187.85176,21.36691,R,2024-05-16T23:00:00,13,6,False,False,False    
Mark_23,189.25978,19.87278,R,2024-05-16T23:00:00,9,6,False,False,False
Mark_24,189.47340,18.62513,R,2024-05-16T23:00:00,11,6,False,False,False
Mark_25,190.68454,19.24700,R,2024-05-16T23:00:00,7,6,False,False,False
Mark_26,191.36523,19.06019,R,2024-05-16T23:00:00,8,6,False,False,False
Mark_27,188.06802,21.52798,R,2024-05-16T23:00:00,11,6,False,False,False
Mark_28,189.36665,22.52931,R,2024-05-16T23:00:00,8,6,False,False,False
Mark_29,172.79477,15.85788,R,2024-05-16T23:00:00,7,6,False,False,False
Mark_30,184.34332,18.37268,R,2024-05-16T23:00:00,13,6,False,False,False
Mark_31,192.29980,21.96649,R,2024-05-16T23:00:00,17,6,False,False,False
Mark_32,193.62946,21.25832,R,2024-05-16T23:00:00,14,6,False,False,False
Mark_33,196.11522,22.33433,R,2024-05-16T23:00:00,14,6,False,False,False
Mark_34,173.76079,16.01056,R,2024-05-16T23:00:00,6,6,False,False,False
Mark_35,178.98677,15.56845,R,2024-05-16T23:00:00,14,6,False,False,False
Mark_36,194.58836,20.00117,R,2024-05-16T23:00:00,19,6,False,False,False
Mark_37,195.17595,20.78497,R,2024-05-16T23:00:00,17,6,False,False,False
Mark_38,193.62340,20.43815,R,2024-05-16T23:00:00,11,6,False,False,False
Mark_39,187.28635,18.27635,R,2024-05-16T23:00:00,13,6,False,False,False
Mark_40,189.88370,19.72738,R,2024-05-16T23:00:00,12,6,False,False,False
Mark_41,179.99248,16.91588,R,2024-05-16T23:00:00,15,6,False,False,False
Mark_42,192.33954,19.18539,R,2024-05-16T23:00:00,7,6,False,False,False
Mark_43,173.36790,15.93255,R,2024-05-16T23:00:00,8,6,False,False,False
Mark_44,198.84341,21.31182,R,2024-05-16T23:00:00,16,6,False,False,False
Mark_45,198.83101,21.90661,R,2024-05-16T23:00:00,7,6,False,False,False
Mark_47,184.61546,19.20315,R,2024-05-16T23:00:00,18,6,False,False,False
Mark_48,199.35889,21.29277,R,2024-05-16T23:00:00,12,6,False,False,False
Mark_49,187.53548,19.29536,R,2024-05-16T23:00:00,16,6,False,False,False
Mark_50,187.34180,18.89042,R,2024-05-16T23:00:00,16,6,False,False,False
Mark_51,194.34177,21.59279,R,2024-05-16T23:00:00,19,6,False,False,False
Mark_52,189.10814,19.70690,R,2024-05-16T23:00:00,17,6,False,False,False
Mark_53,196.76332,22.12418,R,2024-05-16T23:00:00,19,6,False,False,False
Mark_54,187.90747,18.47875,R,2024-05-16T23:00:00,8,6,False,False,False
Mark_55,179.33209,15.55869,R,2024-05-16T23:00:00,10,6,False,False,False
Mark_56,185.62071,19.46568,R,2024-05-16T23:00:00,8,6,False,False,False
Mark_57,191.36810,19.47682,R,2024-05-16T23:00:00,15,6,False,False,False
Mark_58,188.75410,18.91152,R,2024-05-16T23:00:00,19,6,False,False,False
Mark_59,195.59358,20.45045,R,2024-05-16T23:00:00,11,6,False,False,False
Mark_60,184.56752,18.84387,R,2024-05-16T23:00:00,7,6,False,False,False
Mark_61,193.54156,22.17991,R,2024-05-16T23:00:00,14,6,False,False,False
Mark_62,188.00815,18.78689,R,2024-05-16T23:00:00,15,6,False,False,False
Mark_63,187.75792,21.69560,R,2024-05-16T23:00:00,6,6,False,False,False
Mark_64,185.18335,18.78271,R,2024-05-16T23:00:00,9,6,False,False,False
Mark_65,173.07893,15.94011,R,2024-05-16T23:00:00,16,6,False,False,False
Mark_66,199.01280,20.92477,R,2024-05-16T23:00:00,17,6,False,False,False
Mark_67,199.27654,21.01030,R,2024-05-16T23:00:00,14,6,False,False,False
Mark_68,199.40179,21.88462,R,2024-05-16T23:00:00,15,6,False,False,False
Mark_69,197.53357,20.92600,R,2024-05-16T23:00:00,11,6,False,False,False
Mark_70,179.81372,16.97037,R,2024-05-16T23:00:00,10,6,False,False,False
Mark_71,198.32007,21.59244,R,2024-05-16T23:00:00,18,6,False,False,False
Mark_72,192.54263,20.07625,R,2024-05-16T23:00:00,15,6,False,False,False
Mark_73,188.73401,21.99452,R,2024-05-16T23:00:00,15,6,False,False,False
Mark_74,198.03603,21.65340,R,2024-05-16T23:00:00,11,6,False,False,False
Mark_75,191.89113,20.23809,R,2024-05-16T23:00:00,16,6,False,False,False
Mark_76,187.65404,18.06968,R,2024-05-16T23:00:00,14,6,False,False,False
Mark_77,185.96028,20.28696,R,2024-05-16T23:00:00,8,6,False,False,False
Mark_78,195.46664,21.80978,R,2024-05-16T23:00:00,11,6,False,False,False
Mark_79,187.62355,18.77921,R,2024-05-16T23:00:00,12,6,False,False,False
Mark_80,189.72346,20.18244,R,2024-05-16T23:00:00,9,6,False,False,False
Mark_81,188.01074,18.02063,R,2024-05-16T23:00:00,8,6,False,False,False
Mark_83,184.34114,19.05303,R,2024-05-16T23:00:00,12,6,False,False,False
Mark_84,184.58350,19.01308,R,2024-05-16T23:00:00,6,6,False,False,False
Mark_85,174.02637,15.67919,R,2024-05-16T23:00:00,10,6,False,False,False
Mark_86,191.77885,20.02359,R,2024-05-16T23:00:00,11,6,False,False,False
Mark_87,190.80537,20.86677,R,2024-05-16T23:00:00,18,6,False,False,False
Mark_88,187.49902,19.55612,R,2024-05-16T23:00:00,19,6,False,False,False
Mark_89,185.97070,19.05754,R,2024-05-16T23:00:00,16,6,False,False,False
Mark_90,191.61064,21.57351,R,2024-05-16T23:00:00,7,6,False,False,False
Mark_91,193.33429,21.74597,R,2024-05-16T23:00:00,15,6,False,False,False
Mark_92,184.13316,19.01390,R,2024-05-16T23:00:00,18,6,False,False,False
Mark_93,189.10294,19.64299,R,2024-05-16T23:00:00,18,6,False,False,False
Mark_94,189.24182,19.70962,R,2024-05-16T23:00:00,14,6,False,False,False
Mark_95,174.23676,16.17048,R,2024-05-16T23:00:00,14,6,False,False,False
Mark_96,198.50754,21.06732,R,2024-05-16T23:00:00,9,6,False,False,False
Mark_97,190.65929,19.71620,R,2024-05-16T23:00:00,9,6,False,False,False
Mark_98,195.12462,22.61013,R,2024-05-16T23:00:00,6,6,False,False,False
Mark_99,173.92136,15.51353,R,2024-05-16T23:00:00,12,6,False,False,False
Mark_100,194.00246,20.38402,R,2024-05-16T23:00:00,10,6,False,False,False
Mark_101,191.32899,22.14861,R,2024-05-16T23:00:00,8,6,False,False,False
Mark_102,188.37524,17.99445,R,2024-05-16T23:00:00,7,6,False,False,False
Mark_103,191.13774,20.26335,R,2024-05-16T23:00:00,14,6,False,False,False
Mark_104,195.82549,20.35185,R,2024-05-16T23:00:00,8,6,False,False,False
Mark_105,191.74118,21.92971,R,2024-05-16T23:00:00,8,6,False,False,False
Mark_106,194.83186,22.69265,R,2024-05-16T23:00:00,18,6,False,False,False
Mark_107,186.02057,17.88173,R,2024-05-16T23:00:00,12,6,False,False,False
Mark_108,193.97412,22.03127,R,2024-05-16T23:00:00,16,6,False,False,False
Mark_109,190.28119,21.60130,R,2024-05-16T23:00:00,10,6,False,False,False
Mark_110,185.77832,18.27509,R,2024-05-16T23:00:00,17,6,False,False,False
Mark_111,191.00832,21.68972,R,2024-05-16T23:00:00,12,6,False,False,False
Mark_112,199.77525,20.89510,R,2024-05-16T23:00:00,10,6,False,False,False
Mark_113,191.04074,21.14195,R,2024-05-16T23:00:00,8,6,False,False,False
Mark_114,187.38037,20.80671,R,2024-05-16T23:00:00,8,6,False,False,False
Mark_115,191.09172,22.39281,R,2024-05-16T23:00:00,11,6,False,False,False
Mark_116,184.40889,19.57923,R,2024-05-16T23:00:00,17,6,False,False,False
Mark_117,194.31712,22.01648,R,2024-05-16T23:00:00,14,6,False,False,False
Mark_118,195.64954,20.84596,R,2024-05-16T23:00:00,15,6,False,False,False
Mark_119,199.39124,20.75375,R,2024-05-16T23:00:00,17,6,False,False,False
Mark_120,195.09740,21.72684,R,2024-05-16T23:00:00,14,6,False,False,False
Mark_121,184.94878,18.51457,R,2024-05-16T23:00:00,8,6,False,False,False
Mark_122,184.34711,19.69882,R,2024-05-16T23:00:00,14,6,False,False,False
Mark_123,185.54079,19.79519,R,2024-05-16T23:00:00,17,6,False,False,False
Mark_124,180.18828,16.48499,R,2024-05-16T23:00:00,16,6,False,False,False
Mark_125,191.85338,21.68842,R,2024-05-16T23:00:00,14,6,False,False,False
Mark_126,195.20490,20.17521,R,2024-05-16T23:00:00,14,6,False,False,False
Mark_127,199.97675,21.85439,R,2024-05-16T23:00:00,7,6,False,False,False
Mark_128,195.46991,20.37368,R,2024-05-16T23:00:00,19,6,False,False,False
Mark_129,186.98280,20.51086,R,2024-05-16T23:00:00,18,6,False,False,False
Mark_130,192.94061,19.81933,R,2024-05-16T23:00:00,18,6,False,False,False
Mark_131,199.49960,21.72981,R,2024-05-16T23:00:00,10,6,False,False,False
Mark_132,196.40727,21.11963,R,2024-05-16T23:00:00,8,6,False,False,False
Mark_133,194.36407,20.43414,R,2024-05-16T23:00:00,7,6,False,False,False
Mark_134,194.34618,22.46027,R,2024-05-16T23:00:00,8,6,False,False,False
Mark_135,192.91014,22.62358,R,2024-05-16T23:00:00,16,6,False,False,False
Mark_136,193.30322,19.49583,R,2024-05-16T23:00:00,9,6,False,False,False
Mark_137,190.60446,20.27534,R,2024-05-16T23:00:00,15,6,False,False,False
Mark_138,189.93605,22.24639,R,2024-05-16T23:00:00,8,6,False,False,False
Mark_139,191.75278,22.51165,R,2024-05-16T23:00:00,10,6,False,False,False
Mark_140,186.35776,20.60701,R,2024-05-16T23:00:00,13,6,False,False,False
Mark_141,184.92867,18.98709,R,2024-05-16T23:00:00,13,6,False,False,False
Mark_143,194.08269,20.00325,R,2024-05-16T23:00:00,15,6,False,False,False
Mark_144,195.69051,20.66197,R,2024-05-16T23:00:00,12,6,False,False,False
Mark_145,192.72513,22.37019,R,2024-05-16T23:00:00,10,6,False,False,False
Mark_146,187.69969,18.64348,R,2024-05-16T23:00:00,14,6,False,False,False
Mark_147,192.80292,22.04250,R,2024-05-16T23:00:00,9,6,False,False,False
Mark_148,192.55705,20.27836,R,2024-05-16T23:00:00,7,6,False,False,False
Mark_149,187.94492,18.38639,R,2024-05-16T23:00:00,7,6,False,False,False
Mark_150,198.06357,21.00644,R,2024-05-16T23:00:00,8,6,False,False,False
Mark_151,197.65523,20.61476,R,2024-05-16T23:00:00,14,6,False,False,False
Mark_152,190.94728,22.75233,R,2024-05-16T23:00:00,11,6,False,False,False
Mark_153,190.80110,22.10634,R,2024-05-16T23:00:00,7,6,False,False,False
Mark_154,197.63448,20.63803,R,2024-05-16T23:00:00,13,6,False,False,False
Mark_155,192.26636,20.52723,R,2024-05-16T23:00:00,12,6,False,False,False
Mark_156,192.50128,21.65202,R,2024-05-16T23:00:00,9,6,False,False,False
Mark_157,190.67151,20.98985,R,2024-05-16T23:00:00,7,6,False,False,False
Mark_158,193.49431,20.72944,R,2024-05-16T23:00:00,8,6,False,False,False
Mark_159,186.29079,20.79029,R,2024-05-16T23:00:00,17,6,False,False,False
Mark_160,189.89764,22.36118,R,2024-05-16T23:00:00,7,6,False,False,False
Mark_161,194.36409,20.68373,R,2024-05-16T23:00:00,11,6,False,False,False
Mark_162,191.30893,20.53182,R,2024-05-16T23:00:00,17,6,False,False,False
Mark_163,172.77328,16.05559,R,2024-05-16T23:00:00,11,6,False,False,False
Mark_164,172.63016,15.81605,R,2024-05-16T23:00:00,17,6,False,False,False
Mark_165,186.35069,20.98270,R,2024-05-16T23:00:00,8,6,False,False,False
Mark_166,172.40683,15.99918,R,2024-05-16T23:00:00,7,6,False,False,False
Mark_167,188.16794,18.48618,R,2024-05-16T23:00:00,17,6,False,False,False
Mark_168,196.41862,21.67955,R,2024-05-16T23:00:00,16,6,False,False,False
Mark_169,193.73550,21.98950,R,2024-05-16T23:00:00,14,6,False,False,False
Mark_170,190.40758,21.16169,R,2024-05-16T23:00:00,11,6,False,False,False
Mark_171,197.54263,22.04166,R,2024-05-16T23:00:00,14,6,False,False,False
Mark_172,189.88481,20.62816,R,2024-05-16T23:00:00,10,6,False,False,False
Mark_173,193.20348,20.71221,R,2024-05-16T23:00:00,14,6,False,False,False
Mark_174,192.85049,20.12852,R,2024-05-16T23:00:00,17,6,False,False,False
Mark_176,186.29753,19.95964,R,2024-05-16T23:00:00,7,6,False,False,False
Mark_177,188.22676,19.65832,R,2024-05-16T23:00:00,11,6,False,False,False
Mark_178,188.46078,20.15240,R,2024-05-16T23:00:00,7,6,False,False,False
Mark_179,191.60573,19.87952,R,2024-05-16T23:00:00,8,6,False,False,False
Mark_180,191.94872,20.27622,R,2024-05-16T23:00:00,10,6,False,False,False
Mark_181,192.40340,20.92901,R,2024-05-16T23:00:00,16,6,False,False,False
Mark_182,185.09541,20.15860,R,2024-05-16T23:00:00,8,6,False,False,False
Mark_183,190.74332,20.88957,R,2024-05-16T23:00:00,18,6,False,False,False
Mark_184,187.15863,18.26370,R,2024-05-16T23:00:00,17,6,False,False,False
Mark_185,189.58362,23.07223,R,2024-05-16T23:00:00,10,6,False,False,False
Mark_186,186.03241,18.86056,R,2024-05-16T23:00:00,17,6,False,False,False
Mark_187,188.88429,18.97851,R,2024-05-16T23:00:00,12,6,False,False,False
Mark_188,172.38278,16.02621,R,2024-05-16T23:00:00,17,6,False,False,False
Mark_189,185.06535,19.83050,R,2024-05-16T23:00:00,9,6,False,False,False
Mark_190,187.04539,21.51586,R,2024-05-16T23:00:00,10,6,False,False,False
Mark_191,179.37923,16.02372,R,2024-05-16T23:00:00,8,6,False,False,False
Mark_192,196.62993,20.90077,R,2024-05-16T23:00:00,7,6,False,False,False
Mark_193,195.53589,21.06934,R,2024-05-16T23:00:00,16,6,False,False,False
Mark_194,188.06032,19.75694,R,2024-05-16T23:00:00,8,6,False,False,False
Mark_195,186.19638,20.19529,R,2024-05-16T23:00:00,18,6,False,False,False
Mark_196,189.27182,22.73961,R,2024-05-16T23:00:00,19,6,False,False,False
Mark_197,191.09033,22.92358,R,2024-05-16T23:00:00,8,6,False,False,False
Mark_198,179.67728,16.81602,R,2024-05-16T23:00:00,14,6,False,False,False
Mark_199,192.21790,22.20572,R,2024-05-16T23:00:00,9,6,False,False,False
Mark_200,179.17484,17.17295,R,2024-05-16T23:00:00,8,6,False,False,False
Mark_201,193.92334,21.84684,R,2024-05-16T23:00:00,17,6,False,False,False
Mark_202,188.29013,18.28759,R,2024-05-16T23:00:00,18,6,False,False,False
Mark_203,188.54651,18.71465,R,2024-05-16T23:00:00,16,6,False,False,False
Mark_204,186.36423,19.17329,R,2024-05-16T23:00:00,8,6,False,False,False
Mark_205,191.34560,21.77153,R,2024-05-16T23:00:00,7,6,False,False,False
Mark_206,199.19226,21.83499,R,2024-05-16T23:00:00,7,6,False,False,False
Mark_207,188.71802,20.24956,R,2024-05-16T23:00:00,7,6,False,False,False
Mark_208,187.40446,20.23767,R,2024-05-16T23:00:00,19,6,False,False,False
Mark_209,192.42535,21.25375,R,2024-05-16T23:00:00,7,6,False,False,False
Mark_210,187.80084,19.27633,R,2024-05-16T23:00:00,15,6,False,False,False
Mark_212,174.04788,16.17833,R,2024-05-16T23:00:00,15,6,False,False,False
Mark_213,188.89774,18.41147,R,2024-05-16T23:00:00,17,6,False,False,False
Mark_214,190.69078,20.87979,R,2024-05-16T23:00:00,8,6,False,False,False
Mark_215,188.88446,20.74661,R,2024-05-16T23:00:00,16,6,False,False,False
Mark_216,185.22177,18.36675,R,2024-05-16T23:00:00,11,6,False,False,False
Mark_217,195.91800,21.60229,R,2024-05-16T23:00:00,14,6,False,False,False
Mark_218,191.14149,19.10416,R,2024-05-16T23:00:00,10,6,False,False,False
Mark_219,178.69035,16.60255,R,2024-05-16T23:00:00,11,6,False,False,False
Mark_220,185.89706,19.37161,R,2024-05-16T23:00:00,6,6,False,False,False
Mark_221,196.43092,21.19197,R,2024-05-16T23:00:00,9,6,False,False,False
Mark_222,193.55878,20.50641,R,2024-05-16T23:00:00,10,6,False,False,False
Mark_223,184.88745,18.07525,R,2024-05-16T23:00:00,11,6,False,False,False
Mark_224,189.98615,20.27236,R,2024-05-16T23:00:00,16,6,False,False,False
Mark_225,197.23097,22.05471,R,2024-05-16T23:00:00,16,6,False,False,False
Mark_226,190.42174,21.30850,R,2024-05-16T23:00:00,7,6,False,False,False
Mark_227,191.25594,21.77990,R,2024-05-16T23:00:00,12,6,False,False,False
Mark_228,193.38081,22.55151,R,2024-05-16T23:00:00,11,6,False,False,False
Mark_229,194.43558,21.12012,R,2024-05-16T23:00:00,13,6,False,False,False
Mark_230,195.31955,20.94358,R,2024-05-16T23:00:00,15,6,False,False,False
Mark_231,192.79524,22.55291,R,2024-05-16T23:00:00,17,6,False,False,False
Mark_232,186.62331,19.53539,R,2024-05-16T23:00:00,10,6,False,False,False
Mark_233,184.23959,18.59977,R,2024-05-16T23:00:00,6,6,False,False,False
Mark_234,198.82893,21.44806,R,2024-05-16T23:00:00,7,6,False,False,False
Mark_235,190.11290,21.79784,R,2024-05-16T23:00:00,10,6,False,False,False
Mark_236,189.40477,22.63134,R,2024-05-16T23:00:00,16,6,False,False,False
Mark_237,189.01572,21.62057,R,2024-05-16T23:00:00,9,6,False,False,False
Mark_238,184.89882,17.43383,R,2024-05-16T23:00:00,18,6,False,False,False
Mark_239,192.86182,20.50454,R,2024-05-16T23:00:00,15,6,False,False,False
Mark_240,184.34970,19.55028,R,2024-05-16T23:00:00,8,6,False,False,False
Mark_241,187.65913,18.56756,R,2024-05-16T23:00:00,11,6,False,False,False
Mark_242,197.93190,20.97835,R,2024-05-16T23:00:00,9,6,False,False,False
Mark_243,178.97321,16.09546,R,2024-05-16T23:00:00,12,6,False,False,False
Mark_244,188.12941,21.10091,R,2024-05-16T23:00:00,7,6,False,False,False
Mark_245,179.55417,16.23754,R,2024-05-16T23:00:00,7,6,False,False,False
Mark_246,191.57536,22.28882,R,2024-05-16T23:00:00,15,6,False,False,False
Mark_247,189.75674,21.01896,R,2024-05-16T23:00:00,11,6,False,False,False
Mark_248,174.27348,15.68174,R,2024-05-16T23:00:00,7,6,False,False,False
Mark_249,187.29474,18.63226,R,2024-05-16T23:00:00,16,6,False,False,False
Mark_250,190.99931,19.70843,R,2024-05-16T23:00:00,16,6,False,False,False
Mark_251,187.36690,21.40331,R,2024-05-16T23:00:00,15,6,False,False,False
Mark_252,191.02480,19.41516,R,2024-05-16T23:00:00,12,6,False,False,False
Mark_253,187.72806,17.88821,R,2024-05-16T23:00:00,12,6,False,False,False
Mark_254,190.04453,22.32329,R,2024-05-16T23:00:00,7,6,False,False,False
Mark_255,192.24844,20.18809,R,2024-05-16T23:00:00,6,6,False,False,False
Mark_256,178.80675,16.90822,R,2024-05-16T23:00:00,9,6,False,False,False
Mark_257,188.25940,19.99869,R,2024-05-16T23:00:00,16,6,False,False,False
Mark_258,191.66212,20.48947,R,2024-05-16T23:00:00,11,6,False,False,False
Mark_259,185.06711,18.59069,R,2024-05-16T23:00:00,18,6,False,False,False
Mark_260,194.29060,20.54089,R,2024-05-16T23:00:00,15,6,False,False,False
Mark_261,173.92517,16.22557,R,2024-05-16T23:00:00,12,6,False,False,False
Mark_262,190.94083,22.93393,R,2024-05-16T23:00:00,13,6,False,False,False
Mark_263,197.93994,21.26627,R,2024-05-16T23:00:00,12,6,False,False,False
Mark_264,172.38141,16.22388,R,2024-05-16T23:00:00,17,6,False,False,False
Mark_265,186.99651,19.93155,R,2024-05-16T23:00:00,8,6,False,False,False
Mark_266,193.88101,22.27974,R,2024-05-16T23:00:00,8,6,False,False,False
Mark_267,191.54379,19.82033,R,2024-05-16T23:00:00,16,6,False,False,False
Mark_268,188.96674,20.68209,R,2024-05-16T23:00:00,8,6,False,False,False
Mark_269,185.14743,18.55286,R,2024-05-16T23:00:00,16,6,False,False,False
Mark_270,193.07767,20.53966,R,2024-05-16T23:00:00,10,6,False,False,False
Mark_271,191.32678,19.91517,R,2024-05-16T23:00:00,18,6,False,False,False
Mark_272,185.61534,18.53669,R,2024-05-16T23:00:00,11,6,False,False,False
Mark_273,174.25673,15.47786,R,2024-05-16T23:00:00,7,6,False,False,False
Mark_274,179.92549,17.12649,R,2024-05-16T23:00:00,17,6,False,False,False
Mark_275,184.08626,18.35714,R,2024-05-16T23:00:00,16,6,False,False,False
Mark_276,185.66374,18.43422,R,2024-05-16T23:00:00,18,6,False,False,False
Mark_277,178.80257,16.72225,R,2024-05-16T23:00:00,8,6,False,False,False
Mark_278,188.53156,18.73540,R,2024-05-16T23:00:00,13,6,False,False,False
Mark_279,188.29208,19.25974,R,2024-05-16T23:00:00,7,6,False,False,False
Mark_280,190.94275,22.86305,R,2024-05-16T23:00:00,11,6,False,False,False
Mark_281,196.00069,21.20325,R,2024-05-16T23:00:00,9,6,False,False,False
Mark_282,191.05409,21.70998,R,2024-05-16T23:00:00,15,6,False,False,False
Mark_283,188.47319,19.33691,R,2024-05-16T23:00:00,18,6,False,False,False
Mark_284,199.64702,20.95893,R,2024-05-16T23:00:00,15,6,False,False,False
Mark_285,193.86810,21.30298,R,2024-05-16T23:00:00,15,6,False,False,False
Mark_286,190.97514,22.45796,R,2024-05-16T23:00:00,14,6,False,False,False
Mark_287,193.49825,22.01966,R,2024-05-16T23:00:00,8,6,False,False,False
Mark_288,189.67937,18.54489,R,2024-05-16T23:00:00,8,6,False,False,False
Mark_289,196.73454,21.68843,R,2024-05-16T23:00:00,13,6,False,False,False
Mark_290,192.14723,19.79486,R,2024-05-16T23:00:00,15,6,False,False,False
Mark_291,187.70242,21.07855,R,2024-05-16T23:00:00,9,6,False,False,False
Mark_292,190.04770,22.58038,R,2024-05-16T23:00:00,10,6,False,False,False
Mark_293,187.21248,20.11445,R,2024-05-16T23:00:00,11,6,False,False,False
Mark_294,185.26663,19.91669,R,2024-05-16T23:00:00,19,6,False,False,False
Mark_295,185.76147,19.00018,R,2024-05-16T23:00:00,12,6,False,False,False
Mark_296,188.46481,18.58146,R,2024-05-16T23:00:00,13,6,False,False,False
Mark_297,199.78589,21.63083,R,2024-05-16T23:00:00,14,6,False,False,False
Mark_298,185.86821,20.17248,R,2024-05-16T23:00:00,7,6,False,False,False
Mark_299,190.24536,22.95119,R,2024-05-16T23:00:00,8,6,False,False,False
Mark_300,191.55118,19.14096,R,2024-05-16T23:00:00,7,6,False,False,False
Mark_301,195.39290,21.76202,R,2024-05-16T23:00:00,7,6,False,False,False
Mark_302,185.33888,19.54846,R,2024-05-16T23:00:00,10,6,False,False,False
Mark_303,189.77141,21.90349,R,2024-05-16T23:00:00,8,6,False,False,False
Mark_304,191.32959,19.15580,R,2024-05-16T23:00:00,7,6,False,False,False
Mark_305,179.28236,16.80997,R,2024-05-16T23:00:00,8,6,False,False,False
Mark_306,189.42787,22.26397,R,2024-05-16T23:00:00,11,6,False,False,False
Mark_307,191.25285,19.86747,R,2024-05-16T23:00:00,9,6,False,False,False
Mark_308,173.14359,16.22173,R,2024-05-16T23:00:00,13,6,False,False,False
Mark_309,188.82060,18.63834,R,2024-05-16T23:00:00,16,6,False,False,False
Mark_310,180.15356,15.65528,R,2024-05-16T23:00:00,16,6,False,False,False
