GID,starID,RA,DEC,l,b,origin
3899061681717047936,28576,178.93039339861744,6.862713964137979,267.2695112981491,65.79918948695071,external_panopoulou_2025
3906091752906395392,28578,181.0286024597285,9.698541345647229,268.0591618997598,69.30086480388876,external_panopoulou_2025
3906535027891367040,48770,183.30470416184707,10.819032667163745,272.23351770177874,71.37570884468933,external_panopoulou_2025
3911956925886262784,28555,178.41974314986447,8.572232281497461,263.8851730470908,66.95720023101264,external_panopoulou_2025
3912382093288447616,28542,178.53297159561322,9.892686678079654,262.1242311523358,68.09884435965343,external_panopoulou_2025
3912991497608085120,28512,176.0133497182429,10.336877522575302,256.3354064002411,66.89545316214377,external_panopoulou_2025
3916427157911605376,28475,174.1779388090721,11.669730961566536,250.69684886495884,66.62135258080713,external_panopoulou_2025
3917713384653237248,28472,175.1488204288846,12.806114308420415,250.27076941056265,68.09264779938269,external_panopoulou_2025
3919856813852446592,14704,180.3072099877064,12.377800774254258,261.9046907513115,71.1319860261869,external_panopoulou_2025
3919939238568799616,6476,180.2645876427815,13.008253816943036,260.60400046901276,71.60799323287573,external_panopoulou_2025
3920735495441657728,14705,181.79520627860884,12.98527337857477,264.5490866754199,72.47190801209406,external_panopoulou_2025
3920790093065919104,11501,181.89957175000745,13.516943255955974,263.80507921048894,72.9660292361908,external_panopoulou_2025
3921170691591853056,11490,184.83416295686447,14.541417843704286,270.6111599664918,75.35931946851794,external_panopoulou_2025
3921394442208127232,6566,184.0004067103691,14.89892987587069,267.1601187353784,75.25026637463229,external_panopoulou_2025
3921428565724860160,6584,184.4345726215761,15.144510043875044,268.05272758924826,75.68151987184505,external_panopoulou_2025
3921527727929147264,11511,181.29042116298615,13.472895501559286,262.27299662903596,72.58264226435675,external_panopoulou_2025
3922905965754421120,11539,177.72185449364792,13.587392627710466,253.68784766605305,70.42198610798796,external_panopoulou_2025
3923191422165480448,6531,177.16081290591993,14.284247166272074,251.06075274854794,70.5284269883353,external_panopoulou_2025
3923275470380802304,11528,178.22241492616868,13.744228193491136,254.4237455364479,70.87110370520705,external_panopoulou_2025
3923309692680224896,11500,178.46401724071018,14.02961404083988,254.34458461581164,71.23960581435311,external_panopoulou_2025
3923318110816149120,11515,178.6390068988038,14.151199045090603,254.46855309259902,71.44458517025693,external_panopoulou_2025
3923492761366263040,11522,178.15922606561523,14.21480507550011,253.2851542439381,71.16787891555617,external_panopoulou_2025
3923535848478154368,11521,178.10310206381217,14.458645358864231,252.63180090367203,71.30294911302161,external_panopoulou_2025
3923677135722334336,11514,178.8461997906847,15.111475603652767,252.77882762996938,72.27264147263668,external_panopoulou_2025
3923915248709126144,11517,176.59803061855186,14.124021163901643,250.29359919473376,70.0221658311304,external_panopoulou_2025
3923927824372713472,28467,176.29733715080485,14.263318729638684,249.4173093719778,69.90284321149102,external_panopoulou_2025
3924432362771582848,11509,177.27108994842857,15.231325092464534,249.16075431250223,71.25061597633487,external_panopoulou_2025
3924476927352571776,11505,178.19277804247474,15.436046229493073,250.5876511432176,72.04450866136033,external_panopoulou_2025
3924688548980701056,11527,176.34153021311457,15.728960089233786,246.1974745492942,70.89489948820422,external_panopoulou_2025
3924775199945271424,11496,177.25763022979115,16.132495859706214,246.9822874450355,71.83084052183503,external_panopoulou_2025
3924800286849985664,6640,177.31179444015234,16.242637380215136,246.8170436625808,71.94128273007686,external_panopoulou_2025
3925169894556087680,11510,179.2752461830664,15.184031052746048,253.58504400372394,72.61563371329972,external_panopoulou_2025
3925246860369949824,11502,178.91893523107814,15.646827758921887,251.67112673381854,72.6973822311818,external_panopoulou_2025
3925530774887997056,11491,181.1768797819049,16.26891660156005,255.6256343659296,74.6646099364702,external_panopoulou_2025
3925634747456327424,6671,182.6317265027292,16.809279468662897,258.3031894212551,75.99814024206212,external_panopoulou_2025
3926019404727025408,11512,178.48456518694869,15.908434490388842,250.07367132057152,72.57146632794486,external_panopoulou_2025
3926035141487198848,11513,178.35460499784614,15.98350394229992,249.60814996631453,72.52946669307461,external_panopoulou_2025
3926601527414968704,11519,179.7685299209624,17.352018202584407,249.17727756896517,74.45105129399063,external_panopoulou_2025
3931534417613368448,10595,193.98793799711515,16.22774259451418,308.6447700741911,79.04938911909922,external_panopoulou_2025
3933113007073286272,10482,186.6244814371768,14.571973890347971,276.8557249949816,76.16486837589002,external_panopoulou_2025
3933474643318982016,10460,189.21235037126868,15.222803908883744,286.29474166086914,77.62079819753764,external_panopoulou_2025
3933512679549386624,10461,189.43872914245011,15.57576633961243,286.8587468011935,78.01836436162675,external_panopoulou_2025
3933748834031261824,10483,187.8460202504528,16.22067579094846,278.82792227100117,78.14323912822822,external_panopoulou_2025
3934385451263677568,6659,191.6615742646648,16.57775849104139,296.68366184894273,79.39132975242829,external_panopoulou_2025
3934494646512883072,6631,193.11435032749236,16.12242911944763,304.2142775966533,78.9916382130246,external_panopoulou_2025
3934695788422370944,6683,193.0510772752133,17.07391551054429,303.9809261663078,79.94410206637583,external_panopoulou_2025
3935130748348712832,10592,189.7879026688024,16.479823280170343,287.3418839907713,78.9778843992495,external_panopoulou_2025
3935409852503497600,6684,189.2428748001843,17.089457101211003,283.7631742959715,79.41884140219013,external_panopoulou_2025
3935474826768615936,10484,189.7581349052605,17.43717232629993,285.824081830281,79.89442548766141,external_panopoulou_2025
3935966136667526272,10446,190.0930565997092,18.33996569686603,286.1881436250807,80.84989585764767,external_panopoulou_2025
3937361863600610560,6643,194.92890899100504,16.287310056823454,313.3891715631901,78.99062451738322,external_panopoulou_2025
3938234600954772608,10560,196.4314170880693,18.53836268435251,324.62035406062574,80.80260696272185,external_panopoulou_2025
3939343389711719808,10571,200.11293912521225,19.690938819307068,346.2641829495037,80.02428719764634,external_panopoulou_2025
3939784018997099904,6824,199.13387829209356,19.785421332335048,342.323327990263,80.67416977669502,external_panopoulou_2025
3939785599545548800,10568,199.1847417767847,19.815294765021093,342.6700077730459,80.66917897852211,external_panopoulou_2025
3940602742842370176,10567,198.9903442233024,21.38170128472897,348.4402826607952,81.98625670010789,external_panopoulou_2025
3941433286438418944,10598,196.05180717253933,19.397284840504163,324.3578773867482,81.73268209057667,external_panopoulou_2025
3941895081321728896,10594,192.79966959473785,19.16146954687489,302.5243183927066,82.03302779468285,external_panopoulou_2025
3942259878663841152,6847,193.006057216531,20.16965730945409,304.067472565521,83.04011212396769,external_panopoulou_2025
3942650755047529856,10456,193.44191807791717,20.65084836193759,307.75259958859533,83.50077827793653,external_panopoulou_2025
3942757338955937408,6914,193.32370384330227,21.244858547528302,307.1459067314309,84.10140687830709,external_panopoulou_2025
3942863716706494080,6936,193.6580027429304,21.585081707128797,310.57621819215393,84.40935953396932,external_panopoulou_2025
3942930889994910336,10561,196.97861987126907,19.932485395552508,331.474068295895,81.8752488855107,external_panopoulou_2025
3942952193032058880,10563,197.4277964710955,20.13398574347265,334.77424353118096,81.85136435876471,external_panopoulou_2025
3943094476709294336,10566,198.1143677342611,20.841565792211703,341.40443752567603,82.09216518108533,external_panopoulou_2025
3943394845252502144,6911,196.58817276955995,21.153192347741985,333.375601368295,83.12529985142996,external_panopoulou_2025
3944129495108278912,10558,195.06468254829204,21.554383742983784,323.21881678862576,84.07551062985509,external_panopoulou_2025
3944170417556586880,10559,196.264419242409,21.493984909873497,332.4939512738719,83.56877925139723,external_panopoulou_2025
3944504806530617344,10413,195.7475489460168,22.63746328591593,333.8114773093648,84.80140450450762,external_panopoulou_2025
3944674165681089408,6986,196.59431417449852,22.61599168502199,340.6393029857666,84.35806399054414,external_panopoulou_2025
3946262616384600448,6714,186.88771450013172,17.834233148083452,271.0371793706822,79.19624107294256,external_panopoulou_2025
3946300240299235712,10467,184.11821766277035,16.028386213575217,265.00242479755724,76.25372184310925,external_panopoulou_2025
3946438125929224320,48772,184.77628126563016,16.547634275964707,265.9945765272666,77.03866396105683,external_panopoulou_2025
3946615765776537472,10466,183.80651719697173,16.907490198302867,261.7384320484722,76.78630044141481,external_panopoulou_2025
3947248397279260160,10485,184.74679327474672,18.450118934935208,260.5225873201465,78.55127696505552,external_panopoulou_2025
3947649169267207296,6767,188.78232141709483,18.377162032190192,278.86126675178167,80.47763763282992,external_panopoulou_2025
3947710192163740672,10475,187.472826803316,17.909815697478248,273.49359806489434,79.52833630350075,external_panopoulou_2025
3948532931806559616,11518,187.0213363945747,18.330640768166,270.28319001429384,79.68968058631975,external_panopoulou_2025
3948574854979455616,10445,187.39404473752745,18.82831101730795,270.59415921387784,80.29760087500333,external_panopoulou_2025
3948747237786475264,10476,187.3529093655896,19.31534343707705,268.87137790046006,80.6948915641779,external_panopoulou_2025
3948751154796651776,11516,187.5360417240259,19.341807268959933,269.7020937818927,80.80775926291575,external_panopoulou_2025
3948805374464063744,10447,187.7215846629333,19.891654276439123,268.8033220694222,81.36767802118679,external_panopoulou_2025
3948915222546236928,10481,185.83597203965883,19.65975126637421,260.67969774445913,80.13941458328792,external_panopoulou_2025
3949066989511807104,10487,187.0241687071146,20.35439450004905,263.45670450699305,81.37677487617111,external_panopoulou_2025
3949475561160534784,6893,187.43029191225077,20.895967030089807,263.2792609338288,82.03792212540813,external_panopoulou_2025
3951561575236309120,6869,183.03863464056096,20.54198208549202,247.10607482097205,78.86877156359144,external_panopoulou_2025
3951825148789721472,10470,182.91704785401475,21.31919056158047,243.45575773573367,79.23860548982651,external_panopoulou_2025
3952117962479972608,6896,186.65693794906892,20.95220775384171,259.097605780674,81.62291426956912,external_panopoulou_2025
3952326491732006144,10486,184.835572116784,21.147036170590987,250.47166390599543,80.55019251485363,external_panopoulou_2025
3952621435726273536,10589,187.8901641134584,21.57676397858392,262.6802267033886,82.83855953852218,external_panopoulou_2025
3952673422010412032,14645,187.9217851357539,22.123463674046683,259.98728533673125,83.27895971531302,external_panopoulou_2025
3953878757336624384,7075,186.31322150232552,23.9260212052633,239.95193721647902,83.2823245617619,external_panopoulou_2025
3954409585229559168,6892,192.06843975153325,20.87922330019477,296.1711430553728,83.70939357561282,external_panopoulou_2025
3954430132353974016,6905,191.627989629478,21.052616140095765,292.1916628991228,83.82138022867295,external_panopoulou_2025
3954847912411842688,6940,192.4581280123384,21.64084734215838,299.0363421600204,84.50044782448948,external_panopoulou_2025
3954879832609313792,11530,193.52082387459296,21.735052367565057,309.4416791472848,84.57333176487063,external_panopoulou_2025
3955013182753923840,6939,191.9626130292332,21.63659745764265,294.28261420380346,84.44799778217828,external_panopoulou_2025
3955257343054729984,7001,192.57256401209543,22.863119489578537,299.381499785132,85.72695322014594,external_panopoulou_2025
3955307027237538560,6906,189.780085588556,21.062518514831567,277.42217510514826,83.31545494705558,external_panopoulou_2025
3955644886544145024,6952,188.78412717134947,21.88129422630378,266.8141159786105,83.5761977785214,external_panopoulou_2025
3955790468755645440,6990,189.758867313479,22.659412701252656,270.0809917059901,84.7204249519609,external_panopoulou_2025
3956984087415933440,7046,195.6274036759952,23.499534899885933,338.12157415694355,85.59266439180321,external_panopoulou_2025
3957822950359491840,7099,191.9972026469849,24.09561934087493,288.36307452764544,86.86931203874937,external_panopoulou_2025
3958524541856989952,10596,194.0216691594018,26.0219560053515,346.40771825505567,88.48204519778726,external_panopoulou_2025
3958719258494268288,6987,188.7125201348698,22.629307200604952,262.13593962460794,84.13646950196184,external_panopoulou_2025
3959201359982704768,7115,188.69020987760555,24.22419436696664,249.711616431509,85.2516652801057,external_panopoulou_2025
3959212286380277632,7124,188.39252210704848,24.28294418702869,247.2036271148759,85.07168751090087,external_panopoulou_2025
3959853576537169536,7103,187.36258815879484,24.108927749508783,243.06820661364256,84.1974049742895,external_panopoulou_2025
3959914084036392832,7116,186.89484690135976,24.2273498668169,239.96732074861302,83.89288267599127,external_panopoulou_2025
3959940781553194240,10452,187.90594888811864,24.21709186822164,244.94578022024746,84.67108483301503,external_panopoulou_2025
3959965486205062528,7162,187.75227445791788,24.56712552519047,240.92698558608268,84.73917159128312,external_panopoulou_2025
3960386392999869568,7247,188.43077002714344,25.175830807091582,238.10026206179066,85.57156489841688,external_panopoulou_2025
3961239132987142016,7315,190.8981781150965,25.780446095905727,250.00054479926334,87.78650300491599,external_panopoulou_2025
3967421686869541632,28403,170.723797907288,15.53262790664516,237.845491010309,66.40376359014421,external_panopoulou_2025
3972411339355935360,28434,174.4908392926814,15.776898606782666,242.84415887948296,69.52105694380234,external_panopoulou_2025
3973002807892080512,11508,176.26619538096028,17.159900981309654,242.52436720831506,71.71191480275355,external_panopoulou_2025
3973470065974214784,6670,173.6770032009834,16.79691467702758,239.17892562738933,69.46866119067138,external_panopoulou_2025
3975181868140265216,10454,179.85119464322702,19.55735460843506,242.57960058409876,75.8739069970768,external_panopoulou_2025
