source_id,ext,err_ext,quality_flags,mod_parallax,err_mod_parallax
3942609523362045312,0.13112806,0.007585202,0,2.1701298,0.01915338
3942777435107365632,0.113059774,0.007812649,0,3.8100116,0.031560767
3942782387205873536,0.11002631,0.008382162,0,2.6673136,0.026359346
3942619556405652608,0.03404354,0.007314492,0,1.7693007,0.042518936
3944050639508731264,0.08834111,0.010491108,0,0.33976072,0.012521372
3942750737590666624,0.048506856,0.010179188,0,1.0141959,0.020776313
3954771530713595008,0.07442609,0.0053429427,0,4.6531343,0.022527281
3949432542768145280,0.06357833,0.010494598,0,1.0307543,0.01723957
3972526577623362560,0.0685312,0.008895556,0,3.3073618,0.014165706
3954447376646676096,0.011433812,0.007265305,7,2.241823,0.08014078
3944098326529645184,0.11783615,0.006442407,0,2.3080654,0.022467291
3955304622055819776,0.03880049,0.008540143,0,1.7063571,0.019390963
3943038745213593088,0.007940991,0.009896998,12,3.1304038,0.19609334
3954448858411184512,0.019188914,0.008584582,0,3.650178,0.018520433
3955014350985048448,0.025283813,0.00938716,0,0.8893556,0.023287231
3943371484919989504,0.027867865,0.008994634,0,2.2107346,0.020542713
3940465510047354752,0.028243272,0.0076748775,0,0.8940658,0.016953316
3948040114370324992,0.010592508,0.007971624,0,1.776343,0.01675601
3948125670118919936,0.019134061,0.00834703,0,1.1014619,0.016236229
3936120858568898944,0.0048629693,0.02372448,11,2.0351346,0.031000312
3950222885469862912,0.019906918,0.008677557,0,1.72464,0.014890604
3944294078254914816,0.027854932,0.006520989,0,3.9645343,0.020833846
3942382920887888128,0.016773427,0.009685159,0,1.6455164,0.021261558
3925449788984636800,0.029542414,0.007016781,0,1.7164165,0.020267949
3972560353245532928,0.038036115,0.009268641,0,2.269197,0.017262852
3943509370550073088,0.025337407,0.0076627913,0,1.3746326,0.0145586245
3943684570856057984,0.00365342,0.00995892,0,3.613901,0.021298762
3940586731204294400,0.037800185,0.008274096,0,0.8891233,0.012754418
3942828601053975040,0.029777523,0.009203345,6,1.0790894,0.0155274905
3944219689421422208,0.021044793,0.0069826962,0,4.807268,0.01459008
3941754653071412096,0.01705225,0.008839448,0,0.8261992,0.016151495
3950281400104314752,0.016136702,0.009131917,0,4.431272,0.016956998
3947354603230430080,0.007925564,0.012326664,15,4.503856,0.019464685
3973310946025894400,0.04789366,0.015195273,2,1.6315728,0.038411018
3940477535955812224,0.024807973,0.0063343556,0,2.0070586,0.01685887
3940484888939827072,0.034890357,0.008665977,0,0.3631435,0.012086315
3943644473041445248,0.021247983,0.008505129,0,2.0121803,0.013330507
3943153227565962880,0.040685605,0.009119205,0,3.3601947,0.016540678
3926204363199140352,0.027886337,0.009019647,0,2.4245565,0.0151117435
3943577127954092416,0.024780976,0.008811617,0,2.4733856,0.016121699
3942279532434147840,0.01422106,0.006867993,0,3.488268,0.017326484
3943592108799973120,0.024103664,0.008887397,0,1.8401948,0.013722394
3954305853179854336,0.020684829,0.009637275,0,1.446849,0.01714463
3944161071707863936,0.037115946,0.0093126735,0,0.42904183,0.01515459
3950335344893535616,0.019937417,0.009252072,0,1.9528867,0.01483084
3954204972987975424,0.0069062,0.007937788,0,3.9406426,0.017074034
3947332990955068928,0.011757959,0.007506613,0,4.0518823,0.016836055
3972629077018036864,0.1484547,0.07319865,15,3.9322045,0.098789304
3943476728798598016,0.029416049,0.0072069596,0,3.8136625,0.01719561
3941704659652114432,0.02447733,0.008623276,0,0.64695704,0.020712787
3955085200765500416,0.036747374,0.0069139227,0,1.4932834,0.032815013
3944543873553057792,0.02576379,0.0062234905,0,1.4467189,0.020357912
3940511650880842496,0.03349994,0.008691198,0,1.7360064,0.023754384
3943279194662795648,0.037500527,0.008041349,0,3.9109395,0.019565525
3940418127968198656,0.034479786,0.009798998,0,2.0643404,0.014509673
3947243724354865280,0.018023247,0.009234266,0,0.546371,0.018608864
3925376701525135744,0.040731765,0.011068572,0,0.32382518,0.017063024
1442634851362334976,0.029302519,0.00825883,0,3.4928985,0.017311336
3941748743196409984,0.017573366,0.008981781,0,1.5334963,0.03199465
3940638747552387840,0.036048844,0.008613302,0,3.1971836,0.021800242
3943304479134361472,0.033919338,0.008874123,0,0.6599558,0.020276641
3950362725309458048,0.0101902615,0.004569992,0,2.6553326,0.0142994495
3943271669880088448,0.019454645,0.0071441587,0,1.9667441,0.022033034
3943483635105976192,0.032743912,0.00287259,0,3.7060766,0.019407287
3943072757058707840,0.03846995,0.012104691,0,1.7815509,0.015798867
3943075780715683840,0.029758481,0.010000441,0,1.3832269,0.014233453
3944179591606733696,0.039864622,0.009739032,0,1.0406635,0.022137396
3943828263281804288,0.03763356,0.0073195808,0,1.4645901,0.016209343
3954509297190984448,0.035835646,0.009171766,0,1.624006,0.02018231
3950481854817995264,0.022733843,0.0096592195,0,4.4451847,0.018843155
3925288573092374144,0.04662134,0.010102672,4,3.5918038,0.028831774
3943247618063320576,0.029031811,0.008060939,0,1.0826136,0.024832724
3944041912135238272,0.04108069,0.008922768,4,2.4589243,0.032758806
3943645916150426880,0.015043931,0.009936327,0,3.5736656,0.015122757
3972671064618294272,0.022466665,0.010117815,0,2.6697562,0.015930692
3947190428104948096,0.028154284,0.0047347923,0,3.5076175,0.018149382
3944093245584375680,0.04022631,0.008523026,0,2.4894242,0.016688203
3943398869631331456,0.03964762,0.018636378,0,1.6013272,0.031338952
3942636323957434880,0.026116578,0.008798058,0,3.2086902,0.01818189
3943842763091327232,0.018477598,0.004677907,0,3.5165806,0.020522809
3944045137654653056,0.05817994,0.008519731,0,1.7369736,0.020518353
3950247040365921280,0.3693647,0.012787287,63,0.9357335,0.01713916
3943515830181208704,0.008336763,0.008169886,0,0.7339622,0.016748106
3955799157473550976,0.016830496,0.008871817,0,1.981817,0.017863207
3943110900664214656,0.04496364,0.010422105,0,0.36159754,0.014553434
3972502839339169024,0.03334241,0.011428592,0,3.923928,0.01894437
3926242743026796032,0.028089298,0.009868293,0,4.2124453,0.07600265
3947245682859954560,0.042055,0.012467223,7,1.9200966,0.10889197
3972673809101621760,0.034816843,0.010518428,0,1.5337635,0.0148138665
3943541599984583168,0.025162185,0.00807484,0,0.4052535,0.013802714
3947241765849806464,0.03989217,0.012187302,0,0.83861715,0.01680991
3947290792900428672,0.020590313,0.010011341,0,3.6324213,0.014793269
3950225428090483968,0.026054129,0.010071571,0,1.9797875,0.017546235
3943314791351751296,0.049692966,0.00966859,0,2.5610616,0.079949185
3954711023214738688,0.022348616,0.008415146,0,3.577841,0.018603928
3940516667402643328,0.017421316,0.007647069,0,0.36784804,0.013334065
3942841176718145408,0.049057078,0.0092529645,0,1.7201905,0.027068244
3943450203080467200,0.03519529,0.0047954293,0,2.4537725,0.016735146
3942175078829916800,0.025037589,0.010362933,0,1.6009747,0.019088691
3940624733074959360,0.024919989,0.008956466,0,2.3868735,0.025431003
3944154818235478272,0.021322176,0.007816908,0,1.2100495,0.01862252
3950422824787515520,0.026038896,0.009356614,0,1.1597989,0.017731763
3954187758759011584,0.017169315,0.008413407,0,3.1344438,0.026147602
3973353960122615168,0.0032248513,0.011164765,6,3.4234533,0.103541724
