GID,starID,RA,DEC,l,b,p,e_p,evpa,e_evpa,FilterID,origin,r_med_geo,r_lo_geo,r_hi_geo,r_med_photogeo,r_lo_photogeo,r_hi_photogeo,which_polygon
3940602742842370176,10567,198.9903442233024,21.38170128472897,348.4402826607952,81.98625670010789,0.0018,0.0002,86.0,3.0,0,external_panopoulou_2025,150.57079,149.85542,151.14096,150.40343,149.81218,151.14912,upper
3942259878663841152,6847,193.006057216531,20.16965730945409,304.067472565521,83.04011212396769,0.0019,0.0003,73.0,4.5,0,external_panopoulou_2025,134.36191,133.98007,134.84569,134.5277,134.11302,134.9553,upper
3942650755047529856,10456,193.44191807791717,20.65084836193759,307.75259958859533,83.50077827793653,0.0015,0.0002,87.0,4.0,0,external_panopoulou_2025,362.7035,360.02066,365.4604,361.55286,358.10065,365.53204,upper
3942757338955937408,6914,193.32370384330227,21.244858547528302,307.1459067314309,84.10140687830709,0.00012,0.00043,-78.0,60.8,0,external_panopoulou_2025,82.69077,80.63494,84.940834,81.97303,79.94603,84.51828,upper
3942863716706494080,6936,193.6580027429304,21.585081707128797,310.57621819215393,84.40935953396932,0.00129,0.00015,77.1,3.3,0,external_panopoulou_2025,251.64215,246.91733,256.28607,252.08682,247.0869,257.65067,upper
3943094476709294336,10566,198.1143677342611,20.841565792211703,341.40443752567603,82.09216518108533,0.0019,0.0003,83.0,5.0,0,external_panopoulou_2025,115.0786,114.81704,115.30895,115.057236,114.781944,115.2778,upper
3943394845252502144,6911,196.58817276955995,21.153192347741985,333.375601368295,83.12529985142996,0.0002,0.0003,32.0,36.9,0,external_panopoulou_2025,49.185196,49.098133,49.26758,49.16299,49.06884,49.247124,upper
3944129495108278912,10558,195.06468254829204,21.554383742983784,323.21881678862576,84.07551062985509,,0.0002,,,0,external_panopoulou_2025,72.15847,71.99139,72.27605,72.13406,72.025696,72.25861,upper
3944170417556586880,10559,196.264419242409,21.493984909873497,332.4939512738719,83.56877925139723,0.0019,0.0004,-76.0,6.0,0,external_panopoulou_2025,208.35495,207.59059,209.1421,208.60677,207.74998,209.5007,upper
3946262616384600448,6714,186.88771450013172,17.834233148083452,271.0371793706822,79.19624107294256,0.0009,0.00035,9.4,11.0,0,external_panopoulou_2025,235.88173,234.24835,237.62515,235.93207,234.27675,237.26172,upper
3947248397279260160,10485,184.74679327474672,18.450118934935208,260.5225873201465,78.55127696505552,0.002,0.0003,51.0,4.0,0,external_panopoulou_2025,246.19261,244.90869,247.32903,245.91417,244.79782,246.94327,upper
3947649169267207296,6767,188.78232141709483,18.377162032190192,278.86126675178167,80.47763763282992,0.0008,0.0001,63.0,3.6,0,external_panopoulou_2025,111.86857,110.402245,113.455444,112.19432,110.27135,113.72536,upper
3947710192163740672,10475,187.472826803316,17.909815697478248,273.49359806489434,79.52833630350075,0.0014,0.0002,58.0,3.0,0,external_panopoulou_2025,226.70396,223.15276,230.11922,227.97124,225.16515,230.66112,upper
3948532931806559616,11518,187.0213363945747,18.330640768166,270.28319001429384,79.68968058631975,0.0017,0.0003,66.0,4.0,0,external_panopoulou_2025,335.74063,327.40674,342.28998,334.42923,326.81366,342.19247,upper
3948574854979455616,10445,187.39404473752745,18.82831101730795,270.59415921387784,80.29760087500333,0.0044,0.0004,78.0,3.0,0,external_panopoulou_2025,516.43567,475.25784,569.82153,520.6087,485.51743,553.6587,upper
3948747237786475264,10476,187.3529093655896,19.31534343707705,268.87137790046006,80.6948915641779,0.0018,0.0002,64.0,3.0,0,external_panopoulou_2025,286.76538,285.51172,288.04865,286.91974,285.4982,288.38187,upper
3948751154796651776,11516,187.5360417240259,19.341807268959933,269.7020937818927,80.80775926291575,0.0027,0.0001,60.0,1.0,0,external_panopoulou_2025,408.81036,405.55472,411.10025,408.46014,405.93164,411.12732,upper
3948805374464063744,10447,187.7215846629333,19.891654276439123,268.8033220694222,81.36767802118679,0.0018,0.0002,-90.0,3.0,0,external_panopoulou_2025,589.99225,575.3148,605.60504,586.6923,571.70996,601.0265,upper
3948915222546236928,10481,185.83597203965883,19.65975126637421,260.67969774445913,80.13941458328792,0.0019,0.0004,64.0,6.0,0,external_panopoulou_2025,425.97986,422.2477,430.5502,425.86902,421.51453,430.01773,upper
3949066989511807104,10487,187.0241687071146,20.35439450004905,263.45670450699305,81.37677487617111,0.0014,0.0002,48.0,3.0,0,external_panopoulou_2025,462.6775,456.97238,467.73596,462.88715,457.76874,467.93103,upper
3949475561160534784,6893,187.43029191225077,20.895967030089807,263.2792609338288,82.03792212540813,0.0003,0.0001,39.0,9.5,0,external_panopoulou_2025,82.563324,82.12935,83.01047,82.755554,82.29728,83.144264,upper
3952117962479972608,6896,186.65693794906892,20.95220775384171,259.097605780674,81.62291426956912,0.0019,0.0006,60.0,9.0,0,external_panopoulou_2025,467.32904,459.4882,474.90317,467.1619,457.4524,474.4278,upper
3952621435726273536,10589,187.8901641134584,21.57676397858392,262.6802267033886,82.83855953852218,0.0015,0.0002,79.0,4.0,0,external_panopoulou_2025,92.08653,91.85356,92.35539,92.12288,91.834625,92.38337,upper
3954409585229559168,6892,192.06843975153325,20.87922330019477,296.1711430553728,83.70939357561282,0.00263,0.00033,88.6,3.6,0,external_panopoulou_2025,324.18546,311.65704,337.38226,321.13263,309.8642,333.03177,upper
3954430132353974016,6905,191.627989629478,21.052616140095765,292.1916628991228,83.82138022867295,0.0021,0.0004,82.0,5.4,0,external_panopoulou_2025,219.78087,217.78278,222.14975,219.37376,217.4104,221.83961,upper
3954847912411842688,6940,192.4581280123384,21.64084734215838,299.0363421600204,84.50044782448948,0.0022,0.0005,71.0,6.5,0,external_panopoulou_2025,178.2153,177.5255,179.06868,178.00235,177.15442,178.77782,upper
3954879832609313792,11530,193.52082387459296,21.735052367565057,309.4416791472848,84.57333176487063,0.0026,0.0002,71.0,2.0,0,external_panopoulou_2025,203.59572,200.42853,206.89502,204.16747,200.91264,207.56853,upper
3955013182753923840,6939,191.9626130292332,21.63659745764265,294.28261420380346,84.44799778217828,0.0013,0.0003,65.0,6.6,0,external_panopoulou_2025,532.9515,526.37,541.25104,533.52496,526.26227,540.5531,upper
3955257343054729984,7001,192.57256401209543,22.863119489578537,299.381499785132,85.72695322014594,0.0003,0.0002,84.0,18.4,0,external_panopoulou_2025,112.676285,111.49111,113.74028,112.26615,111.30484,113.40327,upper
3955307027237538560,6906,189.780085588556,21.062518514831567,277.42217510514826,83.31545494705558,0.0002,0.0002,11.0,26.6,0,external_panopoulou_2025,83.44557,82.80191,84.06405,83.56941,83.01328,84.20846,upper
3955644886544145024,6952,188.78412717134947,21.88129422630378,266.8141159786105,83.5761977785214,0.0029,0.0005,-86.0,4.9,0,external_panopoulou_2025,187.37244,184.53975,190.19087,187.51265,185.06989,189.85052,upper
3955790468755645440,6990,189.758867313479,22.659412701252656,270.0809917059901,84.7204249519609,0.0003,0.00032,-42.0,28.1,0,external_panopoulou_2025,125.911064,125.60551,126.173035,125.88125,125.55108,126.2923,upper
3958719258494268288,6987,188.7125201348698,22.629307200604952,262.13593962460794,84.13646950196184,0.0002,0.00032,-63.0,38.7,0,external_panopoulou_2025,109.0274,105.9669,113.13238,108.57214,105.03369,112.72725,upper
3925246860369949824,11502,178.91893523107814,15.646827758921887,251.67112673381854,72.6973822311818,0.0032,0.0002,73.0,2.0,0,external_panopoulou_2025,129.30847,125.0434,133.9982,129.2394,124.70139,134.70421,smaller
3926601527414968704,11519,179.7685299209624,17.352018202584407,249.17727756896517,74.45105129399063,0.0008,0.0004,-34.0,12.0,0,external_panopoulou_2025,244.14001,242.95557,245.30434,245.04283,243.42667,246.31987,smaller
