GID,starID,RA,DEC,l,b,p,e_p,evpa,e_evpa,FilterID,origin,r_med_geo,r_lo_geo,r_hi_geo,r_med_photogeo,r_lo_photogeo,r_hi_photogeo
3899061681717047936,28576,178.93039339861744,6.862713964137979,267.2695112981491,65.79918948695071,,0.0005,,,0,external_panopoulou_2025,317.84283,315.9344,319.24976,318.21448,316.63663,319.82172
3906091752906395392,28578,181.0286024597285,9.698541345647229,268.0591618997598,69.30086480388876,,0.00026,,,0,external_panopoulou_2025,294.9903,292.7628,298.038,294.8366,292.12534,297.64767
3906535027891367040,48770,183.30470416184707,10.819032667163745,272.23351770177874,71.37570884468933,2e-05,1.1e-05,72.7,14.5,20,external_panopoulou_2025,36.54789,36.516968,36.580124,36.549053,36.515972,36.588085
3911956925886262784,28555,178.41974314986447,8.572232281497461,263.8851730470908,66.95720023101264,0.0017,0.00049,58.0,7.0,0,external_panopoulou_2025,273.36505,271.8418,275.14053,273.43008,271.71405,275.14868
3912382093288447616,28542,178.53297159561322,9.892686678079654,262.1242311523358,68.09884435965343,0.0016,0.00051,66.0,9.0,0,external_panopoulou_2025,246.73904,244.91621,248.65668,246.87984,244.40857,249.22256
3912991497608085120,28512,176.0133497182429,10.336877522575302,256.3354064002411,66.89545316214377,0.0009,0.00022,25.0,6.0,0,external_panopoulou_2025,255.08813,253.71669,256.38235,255.28534,253.96103,257.40875
3916427157911605376,28475,174.1779388090721,11.669730961566536,250.69684886495884,66.62135258080713,0.0006,0.00017,27.0,7.0,0,external_panopoulou_2025,242.64633,240.13474,244.73177,242.17197,240.0512,244.48322
3917713384653237248,28472,175.1488204288846,12.806114308420415,250.27076941056265,68.09264779938269,0.0013,0.00021,45.0,5.0,0,external_panopoulou_2025,200.33311,195.00644,206.7545,198.33307,191.94316,204.95967
3919939238568799616,6476,180.2645876427815,13.008253816943036,260.60400046901276,71.60799323287573,0.0014,0.00058,-40.6,11.7,0,external_panopoulou_2025,251.41457,247.59198,254.49329,251.41362,247.29642,254.9892
3920790093065919104,11501,181.89957175000745,13.516943255955974,263.80507921048894,72.9660292361908,0.0009,0.0002,42.0,8.0,0,external_panopoulou_2025,242.63141,241.4301,243.70036,242.54944,241.27283,243.98625
3921170691591853056,11490,184.83416295686447,14.541417843704286,270.6111599664918,75.35931946851794,0.0013,0.0004,28.0,8.0,0,external_panopoulou_2025,265.1227,262.9494,267.0338,264.9919,262.79572,266.9808
3921394442208127232,6566,184.0004067103691,14.89892987587069,267.1601187353784,75.25026637463229,0.0003,0.0012,-64.0,63.4,0,external_panopoulou_2025,65.01666,64.59353,65.4942,64.992836,64.52743,65.47809
3921428565724860160,6584,184.4345726215761,15.144510043875044,268.05272758924826,75.68151987184505,0.001,0.00032,52.0,9.1,0,external_panopoulou_2025,189.07533,187.83452,190.23146,188.76927,187.58707,189.6854
3921527727929147264,11511,181.29042116298615,13.472895501559286,262.27299662903596,72.58264226435675,0.0012,0.0003,43.0,8.0,0,external_panopoulou_2025,551.0271,542.9137,557.0734,551.6934,545.4948,558.0982
3922905965754421120,11539,177.72185449364792,13.587392627710466,253.68784766605305,70.42198610798796,0.0014,0.0002,65.0,4.0,0,external_panopoulou_2025,161.28252,160.7573,161.7761,161.14172,160.56532,161.63016
3923191422165480448,6531,177.16081290591993,14.284247166272074,251.06075274854794,70.5284269883353,0.0003,0.00032,-45.0,28.1,0,external_panopoulou_2025,67.16695,66.72041,67.67061,67.12887,66.681366,67.61111
3923275470380802304,11528,178.22241492616868,13.744228193491136,254.4237455364479,70.87110370520705,0.0007,0.0001,40.0,5.0,0,external_panopoulou_2025,328.09454,323.93414,331.75778,326.11285,323.23224,329.51254
3923309692680224896,11500,178.46401724071018,14.02961404083988,254.34458461581164,71.23960581435311,0.0014,0.0005,15.0,9.0,0,external_panopoulou_2025,126.41143,123.626175,129.91347,123.94288,121.34318,126.686
3923318110816149120,11515,178.6390068988038,14.151199045090603,254.46855309259902,71.44458517025693,0.0006,0.0002,10.0,9.0,0,external_panopoulou_2025,81.00303,80.87341,81.1466,80.966255,80.78874,81.125534
3923492761366263040,11522,178.15922606561523,14.21480507550011,253.2851542439381,71.16787891555617,0.0012,0.0003,64.0,6.0,0,external_panopoulou_2025,146.70056,146.23788,147.18854,146.71312,146.30519,147.11067
3923535848478154368,11521,178.10310206381217,14.458645358864231,252.63180090367203,71.30294911302161,0.0016,0.0003,46.0,4.0,0,external_panopoulou_2025,935.9332,751.64185,1228.6761,700.707,640.83514,785.0832
3923677135722334336,11514,178.8461997906847,15.111475603652767,252.77882762996938,72.27264147263668,0.0018,0.0001,49.0,2.0,0,external_panopoulou_2025,161.33015,154.2791,168.65675,161.6323,154.70018,168.4149
3923915248709126144,11517,176.59803061855186,14.124021163901643,250.29359919473376,70.0221658311304,0.0018,0.0003,38.0,4.0,0,external_panopoulou_2025,350.26938,347.23187,353.61084,350.68854,346.7548,354.27652
3923927824372713472,28467,176.29733715080485,14.263318729638684,249.4173093719778,69.90284321149102,0.0015,0.00021,51.0,4.0,0,external_panopoulou_2025,190.1084,188.16257,191.69122,190.181,188.8032,191.61336
3924432362771582848,11509,177.27108994842857,15.231325092464534,249.16075431250223,71.25061597633487,0.0007,0.0002,63.0,9.0,0,external_panopoulou_2025,110.720985,110.00783,111.47073,110.649055,109.93132,111.37049
3924476927352571776,11505,178.19277804247474,15.436046229493073,250.5876511432176,72.04450866136033,0.0,0.0004,,,0,external_panopoulou_2025,101.26501,100.91355,101.61739,101.32141,100.974304,101.668884
3924688548980701056,11527,176.34153021311457,15.728960089233786,246.1974745492942,70.89489948820422,0.0016,0.0002,58.0,3.0,0,external_panopoulou_2025,178.38342,177.75471,179.08885,178.40732,177.75946,179.04144
3924775199945271424,11496,177.25763022979115,16.132495859706214,246.9822874450355,71.83084052183503,0.0016,0.0002,71.0,4.0,0,external_panopoulou_2025,129.91077,129.51892,130.36887,130.01952,129.53358,130.4977
3924800286849985664,6640,177.31179444015234,16.242637380215136,246.8170436625808,71.94128273007686,0.0003,0.00032,-29.0,28.1,0,external_panopoulou_2025,61.79214,61.61351,61.978313,61.869736,61.65994,62.09311
3925169894556087680,11510,179.2752461830664,15.184031052746048,253.58504400372394,72.61563371329972,0.0028,0.0002,79.0,1.0,0,external_panopoulou_2025,165.88622,165.36551,166.38524,166.0425,165.38222,166.73518
3925246860369949824,11502,178.91893523107814,15.646827758921887,251.67112673381854,72.6973822311818,0.0032,0.0002,73.0,2.0,0,external_panopoulou_2025,129.30847,125.0434,133.9982,129.2394,124.70139,134.70421
3925530774887997056,11491,181.1768797819049,16.26891660156005,255.6256343659296,74.6646099364702,0.0024,0.0003,53.0,4.0,0,external_panopoulou_2025,161.18077,160.64871,161.7959,161.16095,160.44818,161.7552
3925634747456327424,6671,182.6317265027292,16.809279468662897,258.3031894212551,75.99814024206212,0.0013,0.00032,55.0,7.0,0,external_panopoulou_2025,191.06766,187.08641,195.86383,191.3115,185.46524,196.29362
3926019404727025408,11512,178.48456518694869,15.908434490388842,250.07367132057152,72.57146632794486,0.0021,0.0002,61.0,3.0,0,external_panopoulou_2025,224.87645,223.79135,225.80067,224.65979,223.47786,225.77809
3926035141487198848,11513,178.35460499784614,15.98350394229992,249.60814996631453,72.52946669307461,0.0011,0.0002,64.0,5.0,0,external_panopoulou_2025,126.33548,126.041115,126.62848,126.36507,126.109146,126.64241
3926601527414968704,11519,179.7685299209624,17.352018202584407,249.17727756896517,74.45105129399063,0.0008,0.0004,-34.0,12.0,0,external_panopoulou_2025,244.14001,242.95557,245.30434,245.04283,243.42667,246.31987
3931534417613368448,10595,193.98793799711515,16.22774259451418,308.6447700741911,79.04938911909922,0.0008,0.0003,49.0,11.0,0,external_panopoulou_2025,317.8433,315.6316,320.25156,318.11862,315.08704,321.5077
3933113007073286272,10482,186.6244814371768,14.571973890347971,276.8557249949816,76.16486837589002,0.0008,0.0002,27.0,6.0,0,external_panopoulou_2025,268.83435,266.9348,270.77658,268.82275,267.25906,270.48212
3933474643318982016,10460,189.21235037126868,15.222803908883744,286.29474166086914,77.62079819753764,0.0016,0.0003,87.0,5.0,0,external_panopoulou_2025,654.11816,646.29767,661.66516,653.9561,647.8468,662.0171
3933512679549386624,10461,189.43872914245011,15.57576633961243,286.8587468011935,78.01836436162675,0.0015,0.0003,79.0,4.0,0,external_panopoulou_2025,420.27258,416.69168,423.4555,416.40918,412.89047,420.7435
3933748834031261824,10483,187.8460202504528,16.22067579094846,278.82792227100117,78.14323912822822,0.0021,0.0003,68.0,4.0,0,external_panopoulou_2025,435.48105,431.93048,439.28857,435.01358,431.32486,439.62973
3934385451263677568,6659,191.6615742646648,16.57775849104139,296.68366184894273,79.39132975242829,0.0002,0.00032,73.0,38.7,0,external_panopoulou_2025,93.32778,92.524025,94.2983,93.21275,92.377106,94.25239
3934494646512883072,6631,193.11435032749236,16.12242911944763,304.2142775966533,78.9916382130246,0.0002,0.00032,-56.0,38.7,0,external_panopoulou_2025,110.92041,108.55587,112.92692,110.701385,107.93606,112.826256
3934695788422370944,6683,193.0510772752133,17.07391551054429,303.9809261663078,79.94410206637583,0.0013,0.00032,58.0,7.0,0,external_panopoulou_2025,324.7846,317.74023,331.10858,325.29642,319.45312,330.76117
3935130748348712832,10592,189.7879026688024,16.479823280170343,287.3418839907713,78.9778843992495,0.0011,0.0002,68.0,6.0,0,external_panopoulou_2025,98.14963,97.7289,98.46435,98.150955,97.805855,98.49324
3935409852503497600,6684,189.2428748001843,17.089457101211003,283.7631742959715,79.41884140219013,0.0022,0.0002,76.0,2.6,0,external_panopoulou_2025,171.85818,169.10397,174.56325,171.96861,169.29175,174.50429
3935474826768615936,10484,189.7581349052605,17.43717232629993,285.824081830281,79.89442548766141,0.0017,0.0002,66.0,2.0,0,external_panopoulou_2025,273.33655,271.57596,274.81262,273.2564,271.7109,274.8126
3935966136667526272,10446,190.0930565997092,18.33996569686603,286.1881436250807,80.84989585764767,0.001,0.0002,70.0,7.0,0,external_panopoulou_2025,399.37448,390.3027,409.04007,387.02548,379.9347,395.45123
3937361863600610560,6643,194.92890899100504,16.287310056823454,313.3891715631901,78.99062451738322,0.0028,0.0007,-22.0,7.1,0,external_panopoulou_2025,698.52637,671.2329,722.0386,706.58325,686.10065,728.6904
3938234600954772608,10560,196.4314170880693,18.53836268435251,324.62035406062574,80.80260696272185,0.002,0.0002,83.0,3.0,0,external_panopoulou_2025,143.0755,142.23187,143.8282,142.96205,142.16528,143.83102
3939343389711719808,10571,200.11293912521225,19.690938819307068,346.2641829495037,80.02428719764634,0.0017,0.0004,77.0,7.0,0,external_panopoulou_2025,143.16064,142.8774,143.4448,143.17215,142.75017,143.60008
3939784018997099904,6824,199.13387829209356,19.785421332335048,342.323327990263,80.67416977669502,0.0013,0.0002,-87.0,4.4,0,external_panopoulou_2025,94.80236,93.79085,95.973564,94.98691,93.85426,95.91216
3939785599545548800,10568,199.1847417767847,19.815294765021093,342.6700077730459,80.66917897852211,0.0008,0.0002,-82.0,7.0,0,external_panopoulou_2025,93.10776,92.76234,93.401535,93.14232,92.77476,93.459175
3940602742842370176,10567,198.9903442233024,21.38170128472897,348.4402826607952,81.98625670010789,0.0018,0.0002,86.0,3.0,0,external_panopoulou_2025,150.57079,149.85542,151.14096,150.40343,149.81218,151.14912
3941433286438418944,10598,196.05180717253933,19.397284840504163,324.3578773867482,81.73268209057667,0.0012,0.0004,68.0,9.0,0,external_panopoulou_2025,195.38022,194.76163,196.08173,195.37265,194.78255,196.0293
3941895081321728896,10594,192.79966959473785,19.16146954687489,302.5243183927066,82.03302779468285,,0.0003,,,0,external_panopoulou_2025,65.5848,65.49101,65.69547,65.5635,65.480705,65.6639
3942259878663841152,6847,193.006057216531,20.16965730945409,304.067472565521,83.04011212396769,0.0019,0.0003,73.0,4.5,0,external_panopoulou_2025,134.36191,133.98007,134.84569,134.5277,134.11302,134.9553
3942650755047529856,10456,193.44191807791717,20.65084836193759,307.75259958859533,83.50077827793653,0.0015,0.0002,87.0,4.0,0,external_panopoulou_2025,362.7035,360.02066,365.4604,361.55286,358.10065,365.53204
3942757338955937408,6914,193.32370384330227,21.244858547528302,307.1459067314309,84.10140687830709,0.00012,0.00043,-78.0,60.8,0,external_panopoulou_2025,82.69077,80.63494,84.940834,81.97303,79.94603,84.51828
3942863716706494080,6936,193.6580027429304,21.585081707128797,310.57621819215393,84.40935953396932,0.00129,0.00015,77.1,3.3,0,external_panopoulou_2025,251.64215,246.91733,256.28607,252.08682,247.0869,257.65067
3942930889994910336,10561,196.97861987126907,19.932485395552508,331.474068295895,81.8752488855107,0.0022,0.0002,87.0,3.0,0,external_panopoulou_2025,146.45627,145.9093,146.9152,146.48203,146.02177,146.99951
3942952193032058880,10563,197.4277964710955,20.13398574347265,334.77424353118096,81.85136435876471,0.0019,0.0003,78.0,5.0,0,external_panopoulou_2025,172.27103,171.49384,173.14333,172.37488,171.47107,173.19576
3943094476709294336,10566,198.1143677342611,20.841565792211703,341.40443752567603,82.09216518108533,0.0019,0.0003,83.0,5.0,0,external_panopoulou_2025,115.0786,114.81704,115.30895,115.057236,114.781944,115.2778
3943394845252502144,6911,196.58817276955995,21.153192347741985,333.375601368295,83.12529985142996,0.0002,0.0003,32.0,36.9,0,external_panopoulou_2025,49.185196,49.098133,49.26758,49.16299,49.06884,49.247124
3944129495108278912,10558,195.06468254829204,21.554383742983784,323.21881678862576,84.07551062985509,,0.0002,,,0,external_panopoulou_2025,72.15847,71.99139,72.27605,72.13406,72.025696,72.25861
3944170417556586880,10559,196.264419242409,21.493984909873497,332.4939512738719,83.56877925139723,0.0019,0.0004,-76.0,6.0,0,external_panopoulou_2025,208.35495,207.59059,209.1421,208.60677,207.74998,209.5007
3944504806530617344,10413,195.7475489460168,22.63746328591593,333.8114773093648,84.80140450450762,,0.0003,,,0,external_panopoulou_2025,160.1962,159.42989,161.06906,160.19446,159.27036,160.82335
3944674165681089408,6986,196.59431417449852,22.61599168502199,340.6393029857666,84.35806399054414,0.0008,0.0004,48.0,14.0,0,external_panopoulou_2025,181.3986,176.47852,188.41356,182.51352,175.63908,189.56143
3946262616384600448,6714,186.88771450013172,17.834233148083452,271.0371793706822,79.19624107294256,0.0009,0.00035,9.4,11.0,0,external_panopoulou_2025,235.88173,234.24835,237.62515,235.93207,234.27675,237.26172
3946300240299235712,10467,184.11821766277035,16.028386213575217,265.00242479755724,76.25372184310925,0.0008,0.0002,-87.0,5.0,0,external_panopoulou_2025,247.95612,242.70638,253.78343,248.47908,243.01782,254.4966
3946438125929224320,48772,184.77628126563016,16.547634275964707,265.9945765272666,77.03866396105683,8e-06,6e-06,1.1,6.7,20,external_panopoulou_2025,27.444595,27.425919,27.463839,27.44567,27.42917,27.4619
3946615765776537472,10466,183.80651719697173,16.907490198302867,261.7384320484722,76.78630044141481,0.0013,0.0001,49.0,2.0,0,external_panopoulou_2025,289.19766,287.53006,290.84097,288.73737,286.89014,290.64697
3947248397279260160,10485,184.74679327474672,18.450118934935208,260.5225873201465,78.55127696505552,0.002,0.0003,51.0,4.0,0,external_panopoulou_2025,246.19261,244.90869,247.32903,245.91417,244.79782,246.94327
3947649169267207296,6767,188.78232141709483,18.377162032190192,278.86126675178167,80.47763763282992,0.0008,0.0001,63.0,3.6,0,external_panopoulou_2025,111.86857,110.402245,113.455444,112.19432,110.27135,113.72536
3947710192163740672,10475,187.472826803316,17.909815697478248,273.49359806489434,79.52833630350075,0.0014,0.0002,58.0,3.0,0,external_panopoulou_2025,226.70396,223.15276,230.11922,227.97124,225.16515,230.66112
3948532931806559616,11518,187.0213363945747,18.330640768166,270.28319001429384,79.68968058631975,0.0017,0.0003,66.0,4.0,0,external_panopoulou_2025,335.74063,327.40674,342.28998,334.42923,326.81366,342.19247
3948574854979455616,10445,187.39404473752745,18.82831101730795,270.59415921387784,80.29760087500333,0.0044,0.0004,78.0,3.0,0,external_panopoulou_2025,516.43567,475.25784,569.82153,520.6087,485.51743,553.6587
3948747237786475264,10476,187.3529093655896,19.31534343707705,268.87137790046006,80.6948915641779,0.0018,0.0002,64.0,3.0,0,external_panopoulou_2025,286.76538,285.51172,288.04865,286.91974,285.4982,288.38187
3948751154796651776,11516,187.5360417240259,19.341807268959933,269.7020937818927,80.80775926291575,0.0027,0.0001,60.0,1.0,0,external_panopoulou_2025,408.81036,405.55472,411.10025,408.46014,405.93164,411.12732
3948805374464063744,10447,187.7215846629333,19.891654276439123,268.8033220694222,81.36767802118679,0.0018,0.0002,-90.0,3.0,0,external_panopoulou_2025,589.99225,575.3148,605.60504,586.6923,571.70996,601.0265
3948915222546236928,10481,185.83597203965883,19.65975126637421,260.67969774445913,80.13941458328792,0.0019,0.0004,64.0,6.0,0,external_panopoulou_2025,425.97986,422.2477,430.5502,425.86902,421.51453,430.01773
3949066989511807104,10487,187.0241687071146,20.35439450004905,263.45670450699305,81.37677487617111,0.0014,0.0002,48.0,3.0,0,external_panopoulou_2025,462.6775,456.97238,467.73596,462.88715,457.76874,467.93103
3949475561160534784,6893,187.43029191225077,20.895967030089807,263.2792609338288,82.03792212540813,0.0003,0.0001,39.0,9.5,0,external_panopoulou_2025,82.563324,82.12935,83.01047,82.755554,82.29728,83.144264
3951561575236309120,6869,183.03863464056096,20.54198208549202,247.10607482097205,78.86877156359144,0.0009,0.00032,-50.0,10.1,0,external_panopoulou_2025,110.370514,109.57608,111.444115,110.4639,109.50148,111.32642
3951825148789721472,10470,182.91704785401475,21.31919056158047,243.45575773573367,79.23860548982651,0.0008,0.0003,86.0,6.0,0,external_panopoulou_2025,447.8708,441.03833,454.61456,447.22992,440.83972,454.24002
3952117962479972608,6896,186.65693794906892,20.95220775384171,259.097605780674,81.62291426956912,0.0019,0.0006,60.0,9.0,0,external_panopoulou_2025,467.32904,459.4882,474.90317,467.1619,457.4524,474.4278
3952326491732006144,10486,184.835572116784,21.147036170590987,250.47166390599543,80.55019251485363,0.0006,0.0002,8.0,10.0,0,external_panopoulou_2025,341.1363,307.51468,383.98633,302.05255,274.85458,326.56348
3952621435726273536,10589,187.8901641134584,21.57676397858392,262.6802267033886,82.83855953852218,0.0015,0.0002,79.0,4.0,0,external_panopoulou_2025,92.08653,91.85356,92.35539,92.12288,91.834625,92.38337
3953878757336624384,7075,186.31322150232552,23.9260212052633,239.95193721647902,83.2823245617619,0.0006,0.0002,68.0,9.5,0,external_panopoulou_2025,134.73395,133.85002,135.49619,134.53467,133.7509,135.64505
3954409585229559168,6892,192.06843975153325,20.87922330019477,296.1711430553728,83.70939357561282,0.00263,0.00033,88.6,3.6,0,external_panopoulou_2025,324.18546,311.65704,337.38226,321.13263,309.8642,333.03177
3954430132353974016,6905,191.627989629478,21.052616140095765,292.1916628991228,83.82138022867295,0.0021,0.0004,82.0,5.4,0,external_panopoulou_2025,219.78087,217.78278,222.14975,219.37376,217.4104,221.83961
3954847912411842688,6940,192.4581280123384,21.64084734215838,299.0363421600204,84.50044782448948,0.0022,0.0005,71.0,6.5,0,external_panopoulou_2025,178.2153,177.5255,179.06868,178.00235,177.15442,178.77782
3954879832609313792,11530,193.52082387459296,21.735052367565057,309.4416791472848,84.57333176487063,0.0026,0.0002,71.0,2.0,0,external_panopoulou_2025,203.59572,200.42853,206.89502,204.16747,200.91264,207.56853
3955013182753923840,6939,191.9626130292332,21.63659745764265,294.28261420380346,84.44799778217828,0.0013,0.0003,65.0,6.6,0,external_panopoulou_2025,532.9515,526.37,541.25104,533.52496,526.26227,540.5531
3955257343054729984,7001,192.57256401209543,22.863119489578537,299.381499785132,85.72695322014594,0.0003,0.0002,84.0,18.4,0,external_panopoulou_2025,112.676285,111.49111,113.74028,112.26615,111.30484,113.40327
3955307027237538560,6906,189.780085588556,21.062518514831567,277.42217510514826,83.31545494705558,0.0002,0.0002,11.0,26.6,0,external_panopoulou_2025,83.44557,82.80191,84.06405,83.56941,83.01328,84.20846
3955644886544145024,6952,188.78412717134947,21.88129422630378,266.8141159786105,83.5761977785214,0.0029,0.0005,-86.0,4.9,0,external_panopoulou_2025,187.37244,184.53975,190.19087,187.51265,185.06989,189.85052
3955790468755645440,6990,189.758867313479,22.659412701252656,270.0809917059901,84.7204249519609,0.0003,0.00032,-42.0,28.1,0,external_panopoulou_2025,125.911064,125.60551,126.173035,125.88125,125.55108,126.2923
3956984087415933440,7046,195.6274036759952,23.499534899885933,338.12157415694355,85.59266439180321,0.0005,0.0001,78.0,5.7,0,external_panopoulou_2025,157.95222,157.2629,158.82062,157.64143,156.90637,158.47339
3957822950359491840,7099,191.9972026469849,24.09561934087493,288.36307452764544,86.86931203874937,0.0018,0.00035,25.0,5.6,0,external_panopoulou_2025,204.13481,203.24368,205.20209,204.02296,203.10948,204.99075
3958524541856989952,10596,194.0216691594018,26.0219560053515,346.40771825505567,88.48204519778726,,0.0003,,,0,external_panopoulou_2025,261.86417,260.41428,263.26987,261.8857,260.70544,263.17664
3958719258494268288,6987,188.7125201348698,22.629307200604952,262.13593962460794,84.13646950196184,0.0002,0.00032,-63.0,38.7,0,external_panopoulou_2025,109.0274,105.9669,113.13238,108.57214,105.03369,112.72725
3959201359982704768,7115,188.69020987760555,24.22419436696664,249.711616431509,85.2516652801057,0.0034,0.0004,-16.3,3.4,0,external_panopoulou_2025,362.72226,357.16214,367.93677,363.08215,356.85312,369.78497
3959212286380277632,7124,188.39252210704848,24.28294418702869,247.2036271148759,85.07168751090087,0.00046,0.00013,37.0,8.0,0,external_panopoulou_2025,85.08566,84.76243,85.382996,85.06938,84.77162,85.42696
3959853576537169536,7103,187.36258815879484,24.108927749508783,243.06820661364256,84.1974049742895,0.0002,0.0003,-44.0,36.9,0,external_panopoulou_2025,60.31144,60.073223,60.602215,60.3765,60.121838,60.585495
3959914084036392832,7116,186.89484690135976,24.2273498668169,239.96732074861302,83.89288267599127,0.0025,0.00066,-53.3,7.5,0,external_panopoulou_2025,372.2751,370.15924,374.56964,372.65247,370.40485,374.97916
3959940781553194240,10452,187.90594888811864,24.21709186822164,244.94578022024746,84.67108483301503,0.0013,0.0003,54.0,7.0,0,external_panopoulou_2025,910.7821,887.0959,943.2923,902.6987,875.1495,942.3665
3959965486205062528,7162,187.75227445791788,24.56712552519047,240.92698558608268,84.73917159128312,0.00074,0.00021,18.6,8.1,0,external_panopoulou_2025,82.46054,81.688866,83.27143,82.42542,81.6361,83.26462
3960386392999869568,7247,188.43077002714344,25.175830807091582,238.10026206179066,85.57156489841688,0.003,0.0008,11.0,7.6,0,external_panopoulou_2025,598.56024,593.0455,604.5589,600.313,594.66394,605.48413
3961239132987142016,7315,190.8981781150965,25.780446095905727,250.00054479926334,87.78650300491599,0.0008,0.00076,36.4,25.4,0,external_panopoulou_2025,463.49268,460.0565,467.52573,465.65903,462.12137,469.14014
3967421686869541632,28403,170.723797907288,15.53262790664516,237.845491010309,66.40376359014421,,0.00022,,,0,external_panopoulou_2025,274.98148,273.2482,276.64783,274.65924,272.91147,276.5881
3972411339355935360,28434,174.4908392926814,15.776898606782666,242.84415887948296,69.52105694380234,0.001,0.00021,37.0,6.0,0,external_panopoulou_2025,345.071,333.4916,357.07724,341.29553,331.80222,353.186
3973002807892080512,11508,176.26619538096028,17.159900981309654,242.52436720831506,71.71191480275355,0.0006,0.0001,59.0,5.0,0,external_panopoulou_2025,269.65396,267.90527,271.7505,270.03482,268.02322,272.06656
3973470065974214784,6670,173.6770032009834,16.79691467702758,239.17892562738933,69.46866119067138,0.0,0.002,0.0,90.0,0,external_panopoulou_2025,307.9796,300.41687,315.6962,303.45767,296.17953,310.84537
3975181868140265216,10454,179.85119464322702,19.55735460843506,242.57960058409876,75.8739069970768,,0.0002,,,0,external_panopoulou_2025,281.26282,273.9177,289.11908,280.38614,272.44125,287.67804
